"Variable","Repetitions","Mean_Importance","SD_Importance","Median_Importance","Minimum_Importance","Maximum_Importance","Mean_Rank","Median_Rank","Top_10_Count","Top_20_Count","Positive_Importance_Count","Positive_Importance_Percentage","Top_10_Percentage","Top_20_Percentage"
"klebsiella",30,0.0156156246450311,0.0099725316777267,0.0171186882354121,-0.00798805299977945,0.0318920760919679,34.1,2,25,27,28,93.3333333333333,83.3333333333333,90
"ruminococcus_gnavus_group",30,0.0131276685308798,0.00536733479941548,0.012087317337182,0.00180407721450471,0.0263595726341532,5,4,28,29,30,100,93.3333333333333,96.6666666666667
"veillonella",30,0.0117665924990478,0.00498839661229408,0.0127387896646421,-0.00108244632870291,0.0202056648024536,19.6666666666667,4,25,29,29,96.6666666666667,83.3333333333333,96.6666666666667
"bilophila",30,0.0111565471298468,0.0064525019656384,0.0109146671477539,0.000801812095335475,0.0339166516326899,8.03333333333333,5,24,27,30,100,80,90
"ruminococcus_2",30,0.0108070906916297,0.00734176624316338,0.0107643273798785,-0.00575300178403193,0.0227113276003769,36.4666666666667,6,21,25,28,93.3333333333333,70,83.3333333333333
"dialister",30,0.00761120131497183,0.00398406468839983,0.00826868723314689,0.000340770140517588,0.0137711227373866,12.9666666666667,8,17,25,30,100,56.6666666666667,83.3333333333333
"parabacteroides",30,0.00750228850535544,0.00413048617188707,0.0083388457914888,0.000120271814300299,0.0170986429330287,13.7,8,19,25,30,100,63.3333333333333,83.3333333333333
"dorea",30,0.00747155237503426,0.00563310246041655,0.0066750856936677,-0.00352797321947595,0.0164171026519936,53.1333333333333,10,16,23,27,90,53.3333333333333,76.6666666666667
"blautia",30,0.00679335297772968,0.00414419473449918,0.00636438350672519,-0.000701585583418485,0.0129292200372843,40.5333333333333,8.5,16,23,28,93.3333333333333,53.3333333333333,76.6666666666667
"sutterella",30,0.00658889089341913,0.00448561596775953,0.00654479122817564,-0.00216489265740571,0.0182412251688817,66.9333333333333,9.5,17,24,26,86.6666666666667,56.6666666666667,80
"subdoligranulum",30,0.00640514228823808,0.00402542872787378,0.00636438350672519,-0.0028664782408242,0.0163770120472267,40,10.5,15,27,28,93.3333333333333,50,90
"tyzzerella_3",30,0.00590467790539954,0.00419325390663816,0.00633431555315006,-0.0066750856936677,0.0142522099945878,41.1333333333333,10.5,15,24,28,93.3333333333333,50,80
"parasutterella",30,0.00466988727858293,0.00485556097297976,0.00441998917553671,-0.00597350011024911,0.0155351093471245,59.2666666666667,13,10,19,27,90,33.3333333333333,63.3333333333333
"lachnoclostridium",30,0.00396629716492607,0.00375488378612198,0.00388878866237702,-0.00581313769118208,0.0100426964940765,61.4333333333333,15,7,17,27,90,23.3333333333333,56.6666666666667
"phascolarctobacterium",30,0.00385270711808687,0.00372630888194062,0.00313708982299998,-0.00280634233367405,0.011826728406198,74.6333333333333,18,6,19,26,86.6666666666667,20,63.3333333333333
"faecalibacterium",30,0.00313909435323831,0.00280569844024171,0.00389881131356873,-0.00266602521699033,0.00849920821055594,89.4666666666667,17,4,18,25,83.3333333333333,13.3333333333333,60
"oscillibacter",30,0.00290055525487602,0.00380869894709017,0.00341772405636742,-0.00677531220558458,0.00974201695832588,102.266666666667,18,4,16,24,80,13.3333333333333,53.3333333333333
"escherichia_shigella",30,0.00277961526382959,0.0037176758174841,0.00372842624330988,-0.0101228777036101,0.00781766792952077,89.4,18.5,3,16,24,80,10,53.3333333333333
"erysipelatoclostridium",30,0.00261724831452416,0.00335887153921397,0.00284643293844089,-0.00483091787439616,0.0107041914727284,104.933333333333,22,3,13,24,80,10,43.3333333333333
"roseburia",30,0.00229618938801693,0.00263979407814746,0.00232525507647285,-0.00501132559584661,0.00751698839376991,80.8666666666667,25.5,4,11,26,86.6666666666667,13.3333333333333,36.6666666666667
"ruminococcus_torques_group",30,0.00219963784820361,0.00313098132490846,0.00222502856455592,-0.00328742959087536,0.00918074849159101,131.933333333333,28,1,11,22,73.3333333333333,3.33333333333333,36.6666666666667
"anaerostipes",30,0.0021575427131985,0.00352218535230738,0.00188425842403833,-0.00418946819812782,0.0113255958466133,134.533333333333,26.5,5,12,22,73.3333333333333,16.6666666666667,40
"prevotella_9",30,0.00211678393168561,0.0030959654632945,0.0026760478681821,-0.0041694228957444,0.00918074849159101,121.8,24.5,2,13,23,76.6666666666667,6.66666666666667,43.3333333333333
"lactobacillus",30,0.00210809763398614,0.00326371234180419,0.00192434902880512,-0.00424960410527786,0.00861948002485624,147.533333333333,25.5,2,13,21,70,6.66666666666667,43.3333333333333
"uncultured",30,0.0021060931037478,0.00273919667647813,0.0019644396335719,-0.00394892456952711,0.00789784913905422,120.233333333333,25.5,2,11,23,76.6666666666667,6.66666666666667,36.6666666666667
"lachnospira",30,0.00209272956882555,0.0025540567840605,0.00227514182051441,-0.00354801852185949,0.00932106560827473,94.9,26,1,11,25,83.3333333333333,3.33333333333333,36.6666666666667
"eubacterium_hallii_group",30,0.00205731620128156,0.0019890806317003,0.00228516447170607,-0.0019043037264217,0.00575300178403193,106.2,26.5,1,10,24,80,3.33333333333333,33.3333333333333
"lactococcus",30,0.00172122329798678,0.00139959928088262,0.00163369214424602,-0.00156353358590411,0.00519173331729716,70.8666666666667,29,1,3,27,90,3.33333333333333,10
"bifidobacterium",30,0.00164237844194546,0.00309965248296215,0.0022751418205143,-0.00635436085553354,0.00531200513159746,118.9,23.5,1,10,23,76.6666666666667,3.33333333333333,33.3333333333333
"lachnospiraceae_nc2004_group",30,0.0016136468418626,0.0017502877671256,0.0014933750275623,-0.00114258223585306,0.00627417964599997,101.566666666667,33.5,0,5,24,80,0,16.6666666666667
"intestinibacter",30,0.0016129786651165,0.00284134030932674,0.00168380540020446,-0.00553250345781464,0.00787780383667092,147.566666666667,31.5,3,6,21,70,10,20
"lachnospiraceae_ucg_004",30,0.00159961513019424,0.00242702862207032,0.00137310321326195,-0.00256579870507345,0.00663499508890097,148.633333333333,37.5,0,9,21,70,0,30
"flavonifractor",30,0.00126051543154195,0.00198102877798883,0.00120271814300316,-0.00545232224828118,0.00438992122196158,101.033333333333,34.5,0,7,25,83.3333333333333,0,23.3333333333333
"lachnospiraceae_fcs020_group",30,0.00115995483125197,0.00165319366941982,0.00162366949305437,-0.00216489265740583,0.00376851684807666,114.9,38,0,2,24,80,0,6.66666666666667
"romboutsia",30,0.000996251528454314,0.00169794193374358,0.000892015956060699,-0.00264597991460702,0.00471064606009586,153.7,42,0,4,21,70,0,13.3333333333333
"lachnospiraceae_ucg_006",30,0.000940792858526936,0.0023307778591471,0.00123278609657823,-0.00408924168621083,0.00601359071501595,140.1,39,0,5,22,73.3333333333333,0,16.6666666666667
"cag_56",30,0.000938788328288602,0.00143983120858716,0.00104235572393607,-0.00268607051937375,0.00318720307895848,139.7,38.5,0,4,22,73.3333333333333,0,13.3333333333333
"ruminococcus_gauvreauii_group",30,0.000931438384081351,0.00199662602156921,0.00111251428227793,-0.00402910577906079,0.00471064606009586,116.9,39.5,0,3,24,80,0,10
"desulfovibrio",30,0.000929433853843024,0.00113214182068323,0.000781766792952054,-0.00220498326217244,0.00316715777657517,103.266666666667,38.5,0,1,25,83.3333333333333,0,3.33333333333333
"butyricicoccus",30,0.000909388551459615,0.00283135896659858,0.00118267284061979,-0.0085793894200894,0.00693567462465172,191.066666666667,39.5,2,3,18,60,6.66666666666667,10
"eubacterium_ventriosum_group",30,0.000818516513988273,0.00238439509363618,0.00075169883937698,-0.00585322829594892,0.00535209573636419,179.733333333333,45.5,0,4,19,63.3333333333333,0,13.3333333333333
"ruminococcaceae_nk4a214_group",30,0.000748357955646428,0.00226062996413241,0.00118267284061985,-0.0045302383386453,0.004409966524345,179.666666666667,40.5,0,3,19,63.3333333333333,0,10
"granulicatella",30,0.000734326243978045,0.00118656751001359,0.000551245815543111,-0.00192434902880512,0.00290656884559104,142.7,47.5,0,0,22,73.3333333333333,0,0
"enterobacter",30,0.000568618410942068,0.00117925849236331,0.000561268466734821,-0.00156353358590422,0.00390883396476027,135.9,52.5,0,1,23,76.6666666666667,0,3.33333333333333
"citrobacter",30,0.00056126846673481,0.000761357605060609,0.000611381722693316,-0.00138312586445366,0.00228516447170601,109.7,45.5,0,0,25,83.3333333333333,0,0
"solobacterium",30,0.000541891341097545,0.000916544796646732,0.000541223164351345,-0.00230520977408943,0.002385390983623,111.1,47.5,0,0,24,80,0,0
"ruminococcaceae_ucg_002",30,0.000511155210776359,0.00191974801323944,0.000671517629843466,-0.00256579870507345,0.00380860745284339,195.1,51,0,2,18,60,0,6.66666666666667
"odoribacter",30,0.000486432671170178,0.00111992867226036,0.000440996652434522,-0.00170385070258783,0.00330747489325878,159.566666666667,53.5,0,1,20,66.6666666666667,0,3.33333333333333
"coprococcus_1",30,0.000413601405843866,0.00225241520252511,0.00069156293222683,-0.00515164271253032,0.00443001182672842,169.633333333333,46,0,2,20,66.6666666666667,0,6.66666666666667
"allisonella",30,0.000394892456952719,0.00180014951262503,0.000611381722693261,-0.00529195982921404,0.00495118968869646,172.433333333333,53.5,0,1,20,66.6666666666667,0,3.33333333333333
"holdemania",30,0.000358142735916496,0.00120315276336946,0.000430974001242812,-0.00447010243149515,0.00180407721450482,136.066666666667,52.5,0,0,22,73.3333333333333,0,0
"eubacterium_ruminantium_group",30,0.000349456438217033,0.0012076466009407,0.000280634233367383,-0.00240543628600642,0.00300679535750792,174.766666666667,56.5,0,0,20,66.6666666666667,0,0
"enterococcus",30,0.0003367610800409,0.000987943067595211,0.000440996652434522,-0.00148335237637054,0.00246557219315657,173.5,54.5,0,0,20,66.6666666666667,0,0
"clostridium_sensu_stricto_1",30,0.000302015889243024,0.00251805434632364,0.000140317116683719,-0.00569286587688178,0.00589331890071565,209.833333333333,61,0,1,17,56.6666666666667,0,3.33333333333333
"actinomyces",30,0.000243216335585087,0.00106035453004017,0.000270611582175728,-0.00318720307895837,0.00174394130735456,185.3,57.5,0,0,18,60,0,0
"lachnospiraceae_nd3007_group",30,0.000240543628600642,0.00181278856112193,0.000501132559584672,-0.00422955880289455,0.00340770140517577,195.466666666667,48,0,1,18,60,0,3.33333333333333
"alistipes",30,0.000240543628600639,0.00124700471184843,0.000160362419067084,-0.00258584400745687,0.00248561749553988,198.466666666667,58,0,0,18,60,0,0
"tm7_phylum_sp_oral_clone_dr034",30,0.00023720274487008,0.000497457939511231,0.000230520977408943,-0.000962174514402614,0.0010824463287028,176.333333333333,59,0,0,20,66.6666666666667,0,0
"lachnospiraceae_nk4a136_group",30,0.000209139321533329,0.00106481341813058,0.000180407721450448,-0.00210475675025557,0.00228516447170601,200,63.5,0,0,18,60,0,0
"ruminiclostridium_9",30,0.000196778051730236,0.000704819364006399,0.000230520977408943,-0.00234530037885627,0.00120271814300321,153.833333333333,61,0,0,20,66.6666666666667,0,0
"ruminococcaceae_ucg_005",30,0.000183748605181033,0.00129345191771975,0.000410928698859447,-0.00282638763605758,0.00266602521699044,199.566666666667,55,0,1,16,53.3333333333333,0,3.33333333333333
"coprococcus_2",30,0.000135639879460917,0.000900211687460179,0.000110249163108644,-0.00168380540020452,0.00210475675025557,201.166666666667,66.5,0,0,18,60,0,0
"barnesiella",30,0.000132298995730347,0.000681918312729062,8.01812095335697e-05,-0.00196443963357185,0.00116262753823637,212.566666666667,65.5,0,0,16,53.3333333333333,0,0
"unknown",30,0.000118935460808086,0.00188057028306681,0.000310702186942513,-0.00541223164351434,0.00346783731232592,222.1,68,0,0,16,53.3333333333333,0,0
"tyzzerella_4",30,9.95583351708166e-05,0.000909914565874128,0.000430974001242868,-0.0017840319121214,0.00146330707398723,200.5,52.5,0,0,18,60,0,0
"ruminiclostridium_6",30,7.28312653263008e-05,0.000457330001008171,7.01585583418596e-05,-0.000902038607252353,0.00110249163108633,215.1,70.5,0,0,17,56.6666666666667,0,0
"gemella",30,5.41223164351419e-05,0.000725578268741485,0.000180407721450504,-0.00186421312165497,0.00116262753823637,192.166666666667,65,0,0,18,60,0,0
"ruminococcaceae_ucg_009",30,5.27859629429139e-05,0.000237732573198253,2.00453023834202e-05,-0.000420951350051157,0.000601359071501606,189.9,95.5,0,0,15,50,0,0
"holdemanella",30,4.54360187356821e-05,0.000776135837463015,0.000250566279792308,-0.00328742959087536,0.00108244632870291,202.1,72.5,0,0,18,60,0,0
"eubacterium_xylanophilum_group",30,3.60815442900971e-05,0.000221119546711337,0,-0.000440996652434467,0.000741676188185325,216.8,79.5,0,0,13,43.3333333333333,0,0
"terrisporobacter",30,3.54133675439794e-05,0.000757355826766212,0.000120271814300354,-0.00150339767875396,0.00186421312165497,214.266666666667,68,0,0,16,53.3333333333333,0,0
"weissella",30,2.73952465906298e-05,0.000943686595359064,0.000170385070258794,-0.0022651191693227,0.00160362419067095,201.433333333333,59.5,0,0,18,60,0,0
"lachnospiraceae_ucg_001",30,2.27180093678244e-05,0.000827824599143485,7.01585583418596e-05,-0.00216489265740583,0.00192434902880512,213.566666666667,71.5,0,0,17,56.6666666666667,0,0
"agathobacter",30,2.20498326217215e-05,0.00134094812178462,-0.000120271814300299,-0.00222502856455586,0.00280634233367416,250.566666666667,419,0,1,14,46.6666666666667,0,3.33333333333333
"uba1819",30,8.01812095336437e-06,0.000287251158398335,-2.00453023833647e-05,-0.000621404373885026,0.000741676188185325,252.166666666667,403,0,0,12,40,0,0
"tyzzerella",30,5.34541396891575e-06,8.97894584680524e-05,0,-0.000280634233367327,0.000260588930984018,123.766666666667,82,0,0,4,13.3333333333333,0,0
"a2",30,0,0,0,0,0,354.433333333333,354,0,0,0,0,0,0
"abiotrophia",30,0,0,0,0,0,112.8,113,0,0,0,0,0,0
"absiella",30,0,0,0,0,0,77.8333333333333,78.5,0,0,0,0,0,0
"acetanaerobacterium",30,0,0,0,0,0,379.433333333333,379,0,0,0,0,0,0
"acetitomaculum",30,0,0,0,0,0,163.433333333333,163,0,0,0,0,0,0
"acholeplasmatales_bacterium_canine_oral_taxon_316",30,0,0,0,0,0,100.766666666667,101,0,0,0,0,0,0
"achromobacter",30,0,0,0,0,0,239.433333333333,239,0,0,0,0,0,0
"acidaminococcus",30,0,0,0,0,0,102.766666666667,103,0,0,0,0,0,0
"acinetobacter",30,0,0,0,0,0,132.366666666667,132,0,0,0,0,0,0
"actinobacillus",30,0,0,0,0,0,180.433333333333,180,0,0,0,0,0,0
"adlercreutzia",30,0,0,0,0,0,118.066666666667,118,0,0,0,0,0,0
"aerococcus",30,0,0,0,0,0,165.433333333333,165,0,0,0,0,0,0
"aeromonas",30,0,0,0,0,0,178.433333333333,178,0,0,0,0,0,0
"aggregatibacter",30,0,0,0,0,0,167.433333333333,167,0,0,0,0,0,0
"akkermansia",30,0,0,0,0,0,93.7333333333333,94,0,0,0,0,0,0
"alcaligenes",30,0,0,0,0,0,281.433333333333,281,0,0,0,0,0,0
"alicycliphilus",30,0,0,0,0,0,368.433333333333,368,0,0,0,0,0,0
"allobaculum",30,0,0,0,0,0,210.433333333333,210,0,0,0,0,0,0
"alloprevotella",30,0,0,0,0,0,75.5666666666667,75.5,0,0,0,0,0,0
"allorhizobium_neorhizobium_pararhizobium_rhizobium",30,0,0,0,0,0,305.433333333333,305,0,0,0,0,0,0
"alloscardovia",30,0,0,0,0,0,236.433333333333,236,0,0,0,0,0,0
"altererythrobacter",30,0,0,0,0,0,293.433333333333,293,0,0,0,0,0,0
"anaerococcus",30,0,0,0,0,0,202.433333333333,202,0,0,0,0,0,0
"anaerocolumna",30,0,0,0,0,0,194.433333333333,194,0,0,0,0,0,0
"anaerofilum",30,0,0,0,0,0,327.433333333333,327,0,0,0,0,0,0
"anaerofustis",30,0,0,0,0,0,191.433333333333,191,0,0,0,0,0,0
"anaeroglobus",30,0,0,0,0,0,207.433333333333,207,0,0,0,0,0,0
"anaeroplasma",30,0,0,0,0,0,249.433333333333,249,0,0,0,0,0,0
"anaerosporobacter",30,0,0,0,0,0,96.9,97,0,0,0,0,0,0
"anaerotruncus",30,0,0,0,0,0,109.8,110,0,0,0,0,0,0
"angelakisella",30,0,0,0,0,0,348.433333333333,348,0,0,0,0,0,0
"anoxybacillus",30,0,0,0,0,0,313.433333333333,313,0,0,0,0,0,0
"anthococcus",30,0,0,0,0,0,384.433333333333,384,0,0,0,0,0,0
"aquabacterium",30,0,0,0,0,0,377.433333333333,377,0,0,0,0,0,0
"aquamicrobium",30,0,0,0,0,0,266.433333333333,266,0,0,0,0,0,0
"arcanobacterium",30,0,0,0,0,0,397.433333333333,397,0,0,0,0,0,0
"arcobacter",30,0,0,0,0,0,337.433333333333,337,0,0,0,0,0,0
"arenibacter",30,0,0,0,0,0,302.433333333333,302,0,0,0,0,0,0
"arenimonas",30,0,0,0,0,0,278.433333333333,278,0,0,0,0,0,0
"asaccharobacter",30,0,0,0,0,0,356.433333333333,356,0,0,0,0,0,0
"asteroleplasma",30,0,0,0,0,0,113.833333333333,114,0,0,0,0,0,0
"atopobium",30,0,0,0,0,0,230.433333333333,230,0,0,0,0,0,0
"atopostipes",30,0,0,0,0,0,267.433333333333,267,0,0,0,0,0,0
"bacillus",30,0,0,0,0,0,155.433333333333,155,0,0,0,0,0,0
"bacteroides_pectinophilus_group",30,0,0,0,0,0,142.433333333333,142,0,0,0,0,0,0
"blattella_germanica_german_cockroach",30,0,0,0,0,0,347.433333333333,347,0,0,0,0,0,0
"bosea",30,0,0,0,0,0,219.433333333333,219,0,0,0,0,0,0
"brachybacterium",30,0,0,0,0,0,269.433333333333,269,0,0,0,0,0,0
"brevibacterium",30,0,0,0,0,0,263.433333333333,263,0,0,0,0,0,0
"brevundimonas",30,0,0,0,0,0,251.433333333333,251,0,0,0,0,0,0
"buttiauxella",30,0,0,0,0,0,298.433333333333,298,0,0,0,0,0,0
"butyrivibrio",30,0,0,0,0,0,107.8,108,0,0,0,0,0,0
"butyrivibrio_2",30,0,0,0,0,0,404.433333333333,404,0,0,0,0,0,0
"cag_352",30,0,0,0,0,0,94.7333333333333,95,0,0,0,0,0,0
"camelimonas",30,0,0,0,0,0,349.433333333333,349,0,0,0,0,0,0
"campylobacter",30,0,0,0,0,0,205.433333333333,205,0,0,0,0,0,0
"candidate_division_tm7_single_cell_isolate_tm7a",30,0,0,0,0,0,279.433333333333,279,0,0,0,0,0,0
"candidatus_gastranaerophilales_bacterium_zag_111",30,0,0,0,0,0,185.433333333333,185,0,0,0,0,0,0
"candidatus_melainabacteria_bacterium_mel_a1",30,0,0,0,0,0,170.433333333333,170,0,0,0,0,0,0
"candidatus_odyssella",30,0,0,0,0,0,331.433333333333,331,0,0,0,0,0,0
"candidatus_saccharibacteria_oral_taxon_tm7x",30,0,0,0,0,0,401.433333333333,401,0,0,0,0,0,0
"candidatus_soleaferrea",30,0,0,0,0,0,282.433333333333,282,0,0,0,0,0,0
"candidatus_stoquefichus",30,0,0,0,0,0,130.366666666667,130,0,0,0,0,0,0
"capnocytophaga",30,0,0,0,0,0,398.433333333333,398,0,0,0,0,0,0
"caproiciproducens",30,0,0,0,0,0,275.433333333333,275,0,0,0,0,0,0
"cardiobacterium",30,0,0,0,0,0,407.433333333333,407,0,0,0,0,0,0
"catabacter",30,0,0,0,0,0,182.433333333333,182,0,0,0,0,0,0
"catenibacterium",30,0,0,0,0,0,73.6666666666667,74,0,0,0,0,0,0
"catenisphaera",30,0,0,0,0,0,128.366666666667,128,0,0,0,0,0,0
"cellulosilyticum",30,0,0,0,0,0,144.433333333333,144,0,0,0,0,0,0
"cetobacterium",30,0,0,0,0,0,85.7,86,0,0,0,0,0,0
"chkci002",30,0,0,0,0,0,363.433333333333,363,0,0,0,0,0,0
"chryseobacterium",30,0,0,0,0,0,259.433333333333,259,0,0,0,0,0,0
"clavibacter",30,0,0,0,0,0,391.433333333333,391,0,0,0,0,0,0
"cloacibacillus",30,0,0,0,0,0,234.433333333333,234,0,0,0,0,0,0
"clostridioides",30,0,0,0,0,0,97.9,98,0,0,0,0,0,0
"clostridium_sensu_stricto_13",30,0,0,0,0,0,151.433333333333,151,0,0,0,0,0,0
"clostridium_sensu_stricto_16",30,0,0,0,0,0,201.433333333333,201,0,0,0,0,0,0
"clostridium_sensu_stricto_18",30,0,0,0,0,0,134.366666666667,134,0,0,0,0,0,0
"clostridium_sensu_stricto_2",30,0,0,0,0,0,192.433333333333,192,0,0,0,0,0,0
"clostridium_sensu_stricto_3",30,0,0,0,0,0,189.433333333333,189,0,0,0,0,0,0
"clostridium_sp_cag_306",30,0,0,0,0,0,317.433333333333,317,0,0,0,0,0,0
"clostridium_sp_k4410_mgs_306",30,0,0,0,0,0,254.433333333333,254,0,0,0,0,0,0
"comamonas",30,0,0,0,0,0,91.7,92,0,0,0,0,0,0
"coprobacillus",30,0,0,0,0,0,90.7,91,0,0,0,0,0,0
"coriobacteriaceae_ucg_002",30,0,0,0,0,0,358.433333333333,358,0,0,0,0,0,0
"corynebacterium",30,0,0,0,0,0,149.433333333333,149,0,0,0,0,0,0
"corynebacterium_1",30,0,0,0,0,0,152.433333333333,152,0,0,0,0,0,0
"cronobacter",30,0,0,0,0,0,177.433333333333,177,0,0,0,0,0,0
"cryptobacterium",30,0,0,0,0,0,405.433333333333,405,0,0,0,0,0,0
"cuneatibacter",30,0,0,0,0,0,290.433333333333,290,0,0,0,0,0,0
"curtobacterium",30,0,0,0,0,0,385.433333333333,385,0,0,0,0,0,0
"cutibacterium",30,0,0,0,0,0,381.433333333333,381,0,0,0,0,0,0
"defluviitaleaceae_ucg_011",30,0,0,0,0,0,158.433333333333,158,0,0,0,0,0,0
"deinococcus",30,0,0,0,0,0,366.433333333333,366,0,0,0,0,0,0
"denitrobacterium",30,0,0,0,0,0,372.433333333333,372,0,0,0,0,0,0
"devosia",30,0,0,0,0,0,285.433333333333,285,0,0,0,0,0,0
"diaphorobacter",30,0,0,0,0,0,309.433333333333,309,0,0,0,0,0,0
"dielma",30,0,0,0,0,0,153.433333333333,153,0,0,0,0,0,0
"dnf00809",30,0,0,0,0,0,314.433333333333,314,0,0,0,0,0,0
"dolosicoccus",30,0,0,0,0,0,326.433333333333,326,0,0,0,0,0,0
"dtu089",30,0,0,0,0,0,162.433333333333,162,0,0,0,0,0,0
"dysgonomonas",30,0,0,0,0,0,139.433333333333,139,0,0,0,0,0,0
"eggerthella",30,0,0,0,0,0,125.066666666667,125,0,0,0,0,0,0
"eikenella",30,0,0,0,0,0,400.433333333333,400,0,0,0,0,0,0
"eisenbergiella",30,0,0,0,0,0,87.6666666666667,88,0,0,0,0,0,0
"elusimicrobium",30,0,0,0,0,0,323.433333333333,323,0,0,0,0,0,0
"empedobacter",30,0,0,0,0,0,393.433333333333,393,0,0,0,0,0,0
"enhydrobacter",30,0,0,0,0,0,135.366666666667,135,0,0,0,0,0,0
"enorma",30,0,0,0,0,0,367.433333333333,367,0,0,0,0,0,0
"enteractinococcus",30,0,0,0,0,0,300.433333333333,300,0,0,0,0,0,0
"enterorhabdus",30,0,0,0,0,0,277.433333333333,277,0,0,0,0,0,0
"epulopiscium",30,0,0,0,0,0,114.833333333333,115,0,0,0,0,0,0
"erysipelothrix",30,0,0,0,0,0,382.433333333333,382,0,0,0,0,0,0
"erysipelotrichaceae_ucg_004",30,0,0,0,0,0,89.7,90,0,0,0,0,0,0
"erysipelotrichaceae_ucg_006",30,0,0,0,0,0,286.433333333333,286,0,0,0,0,0,0
"erysipelotrichaceae_ucg_010",30,0,0,0,0,0,324.433333333333,324,0,0,0,0,0,0
"escherichia",30,0,0,0,0,0,334.433333333333,334,0,0,0,0,0,0
"eubacterium",30,0,0,0,0,0,108.8,109,0,0,0,0,0,0
"eubacterium_brachy_group",30,0,0,0,0,0,171.433333333333,171,0,0,0,0,0,0
"eubacterium_fissicatena_group",30,0,0,0,0,0,127.066666666667,127,0,0,0,0,0,0
"eubacterium_nodatum_group",30,0,0,0,0,0,143.433333333333,143,0,0,0,0,0,0
"eubacterium_oxidoreducens_group",30,0,0,0,0,0,232.433333333333,232,0,0,0,0,0,0
"ezakiella",30,0,0,0,0,0,123.066666666667,123,0,0,0,0,0,0
"f0332",30,0,0,0,0,0,350.433333333333,350,0,0,0,0,0,0
"facklamia",30,0,0,0,0,0,223.433333333333,223,0,0,0,0,0,0
"faecalicoccus",30,0,0,0,0,0,179.433333333333,179,0,0,0,0,0,0
"faecalitalea",30,0,0,0,0,0,140.433333333333,140,0,0,0,0,0,0
"fastidiosipila",30,0,0,0,0,0,243.433333333333,243,0,0,0,0,0,0
"fd2005",30,0,0,0,0,0,244.433333333333,244,0,0,0,0,0,0
"finegoldia",30,0,0,0,0,0,196.433333333333,196,0,0,0,0,0,0
"firmicutes_bacterium_cag_822",30,0,0,0,0,0,383.433333333333,383,0,0,0,0,0,0
"flavihumibacter",30,0,0,0,0,0,346.433333333333,346,0,0,0,0,0,0
"flavobacterium",30,0,0,0,0,0,217.433333333333,217,0,0,0,0,0,0
"fournierella",30,0,0,0,0,0,124.066666666667,124,0,0,0,0,0,0
"garciella",30,0,0,0,0,0,274.433333333333,274,0,0,0,0,0,0
"gardnerella",30,0,0,0,0,0,156.433333333333,156,0,0,0,0,0,0
"garicola",30,0,0,0,0,0,369.433333333333,369,0,0,0,0,0,0
"gca_900066225",30,0,0,0,0,0,164.433333333333,164,0,0,0,0,0,0
"gca_900066755",30,0,0,0,0,0,238.433333333333,238,0,0,0,0,0,0
"gelidibacter",30,0,0,0,0,0,355.433333333333,355,0,0,0,0,0,0
"geobacillus",30,0,0,0,0,0,386.433333333333,386,0,0,0,0,0,0
"georgenia",30,0,0,0,0,0,394.433333333333,394,0,0,0,0,0,0
"glutamicibacter",30,0,0,0,0,0,276.433333333333,276,0,0,0,0,0,0
"gordonibacter",30,0,0,0,0,0,206.433333333333,206,0,0,0,0,0,0
"gottschalkia",30,0,0,0,0,0,264.433333333333,264,0,0,0,0,0,0
"haemophilus",30,0,0,0,0,0,95.9,96,0,0,0,0,0,0
"hafnia_obesumbacterium",30,0,0,0,0,0,199.433333333333,199,0,0,0,0,0,0
"halomonas",30,0,0,0,0,0,319.433333333333,319,0,0,0,0,0,0
"halothiobacillus",30,0,0,0,0,0,376.433333333333,376,0,0,0,0,0,0
"haoranjiania",30,0,0,0,0,0,364.433333333333,364,0,0,0,0,0,0
"harryflintia",30,0,0,0,0,0,240.433333333333,240,0,0,0,0,0,0
"helicobacter",30,0,0,0,0,0,340.433333333333,340,0,0,0,0,0,0
"herbinix",30,0,0,0,0,0,106.8,107,0,0,0,0,0,0
"howardella",30,0,0,0,0,0,137.433333333333,137,0,0,0,0,0,0
"hydrogenoanaerobacterium",30,0,0,0,0,0,193.433333333333,193,0,0,0,0,0,0
"hydrothermal_vent_metagenome",30,0,0,0,0,0,387.433333333333,387,0,0,0,0,0,0
"hyphomicrobium",30,0,0,0,0,0,283.433333333333,283,0,0,0,0,0,0
"incertae_sedis",30,0,0,0,0,0,399.433333333333,399,0,0,0,0,0,0
"jeotgalibaca",30,0,0,0,0,0,186.433333333333,186,0,0,0,0,0,0
"johnsonella",30,0,0,0,0,0,351.433333333333,351,0,0,0,0,0,0
"kluyvera",30,0,0,0,0,0,115.9,116,0,0,0,0,0,0
"kocuria",30,0,0,0,0,0,325.433333333333,325,0,0,0,0,0,0
"kosakonia",30,0,0,0,0,0,218.433333333333,218,0,0,0,0,0,0
"lachnoanaerobaculum",30,0,0,0,0,0,296.433333333333,296,0,0,0,0,0,0
"lachnoclostridium_10",30,0,0,0,0,0,197.433333333333,197,0,0,0,0,0,0
"lachnoclostridium_12",30,0,0,0,0,0,88.6666666666667,89,0,0,0,0,0,0
"lachnoclostridium_5",30,0,0,0,0,0,157.433333333333,157,0,0,0,0,0,0
"lachnospiraceae_fe2018_group",30,0,0,0,0,0,338.433333333333,338,0,0,0,0,0,0
"lachnospiraceae_nk4b4_group",30,0,0,0,0,0,306.433333333333,306,0,0,0,0,0,0
"lachnospiraceae_ucg_003",30,0,0,0,0,0,92.7,93,0,0,0,0,0,0
"lachnospiraceae_ucg_007",30,0,0,0,0,0,229.433333333333,229,0,0,0,0,0,0
"lachnotalea",30,0,0,0,0,0,295.433333333333,295,0,0,0,0,0,0
"lacticigenium",30,0,0,0,0,0,265.433333333333,265,0,0,0,0,0,0
"lactonifactor",30,0,0,0,0,0,190.433333333333,190,0,0,0,0,0,0
"lautropia",30,0,0,0,0,0,311.433333333333,311,0,0,0,0,0,0
"lawsonella",30,0,0,0,0,0,342.433333333333,342,0,0,0,0,0,0
"leadbetterella",30,0,0,0,0,0,357.433333333333,357,0,0,0,0,0,0
"leminorella",30,0,0,0,0,0,315.433333333333,315,0,0,0,0,0,0
"leptotrichia",30,0,0,0,0,0,242.433333333333,242,0,0,0,0,0,0
"leuconostoc",30,0,0,0,0,0,145.433333333333,145,0,0,0,0,0,0
"luteimonas",30,0,0,0,0,0,255.433333333333,255,0,0,0,0,0,0
"macrococcus",30,0,0,0,0,0,345.433333333333,345,0,0,0,0,0,0
"mailhella",30,0,0,0,0,0,330.433333333333,330,0,0,0,0,0,0
"marine_metagenome",30,0,0,0,0,0,332.433333333333,332,0,0,0,0,0,0
"marsilea_mutica",30,0,0,0,0,0,280.433333333333,280,0,0,0,0,0,0
"merdibacter",30,0,0,0,0,0,184.433333333333,184,0,0,0,0,0,0
"mesorhizobium",30,0,0,0,0,0,289.433333333333,289,0,0,0,0,0,0
"metagenome",30,0,0,0,0,0,76.5666666666667,76.5,0,0,0,0,0,0
"microbacterium",30,0,0,0,0,0,214.433333333333,214,0,0,0,0,0,0
"micropruina",30,0,0,0,0,0,308.433333333333,308,0,0,0,0,0,0
"mitsuokella",30,0,0,0,0,0,83.7,84,0,0,0,0,0,0
"mobilicoccus",30,0,0,0,0,0,388.433333333333,388,0,0,0,0,0,0
"mobiluncus",30,0,0,0,0,0,225.433333333333,225,0,0,0,0,0,0
"mogibacterium",30,0,0,0,0,0,272.433333333333,272,0,0,0,0,0,0
"moheibacter",30,0,0,0,0,0,335.433333333333,335,0,0,0,0,0,0
"morganella",30,0,0,0,0,0,103.8,104,0,0,0,0,0,0
"mouse_gut_metagenome",30,0,0,0,0,0,105.8,106,0,0,0,0,0,0
"murdochiella",30,0,0,0,0,0,212.433333333333,212,0,0,0,0,0,0
"murimonas",30,0,0,0,0,0,237.433333333333,237,0,0,0,0,0,0
"mycobacterium",30,0,0,0,0,0,396.433333333333,396,0,0,0,0,0,0
"mycoplasma",30,0,0,0,0,0,392.433333333333,392,0,0,0,0,0,0
"negativicoccus",30,0,0,0,0,0,261.433333333333,261,0,0,0,0,0,0
"neisseria",30,0,0,0,0,0,231.433333333333,231,0,0,0,0,0,0
"niabella",30,0,0,0,0,0,316.433333333333,316,0,0,0,0,0,0
"ochrobactrum",30,0,0,0,0,0,198.433333333333,198,0,0,0,0,0,0
"olsenella",30,0,0,0,0,0,99.7666666666667,100,0,0,0,0,0,0
"oribacterium",30,0,0,0,0,0,204.433333333333,204,0,0,0,0,0,0
"oscillospira",30,0,0,0,0,0,211.433333333333,211,0,0,0,0,0,0
"ottowia",30,0,0,0,0,0,297.433333333333,297,0,0,0,0,0,0
"oxalobacter",30,0,0,0,0,0,146.433333333333,146,0,0,0,0,0,0
"paenalcaligenes",30,0,0,0,0,0,291.433333333333,291,0,0,0,0,0,0
"paenibacillus",30,0,0,0,0,0,333.433333333333,333,0,0,0,0,0,0
"paeniclostridium",30,0,0,0,0,0,126.066666666667,126,0,0,0,0,0,0
"paenochrobactrum",30,0,0,0,0,0,262.433333333333,262,0,0,0,0,0,0
"pantoea",30,0,0,0,0,0,216.433333333333,216,0,0,0,0,0,0
"papillibacter",30,0,0,0,0,0,253.433333333333,253,0,0,0,0,0,0
"paraclostridium",30,0,0,0,0,0,245.433333333333,245,0,0,0,0,0,0
"paracoccus",30,0,0,0,0,0,169.433333333333,169,0,0,0,0,0,0
"paraeggerthella",30,0,0,0,0,0,307.433333333333,307,0,0,0,0,0,0
"parapusillimonas",30,0,0,0,0,0,312.433333333333,312,0,0,0,0,0,0
"parascardovia",30,0,0,0,0,0,362.433333333333,362,0,0,0,0,0,0
"parvibacter",30,0,0,0,0,0,256.433333333333,256,0,0,0,0,0,0
"parvimonas",30,0,0,0,0,0,175.433333333333,175,0,0,0,0,0,0
"pediococcus",30,0,0,0,0,0,121.066666666667,121,0,0,0,0,0,0
"pedobacter",30,0,0,0,0,0,301.433333333333,301,0,0,0,0,0,0
"peptoclostridium",30,0,0,0,0,0,119.066666666667,119,0,0,0,0,0,0
"peptococcus",30,0,0,0,0,0,131.366666666667,131,0,0,0,0,0,0
"peptoniphilus",30,0,0,0,0,0,187.433333333333,187,0,0,0,0,0,0
"peptostreptococcus",30,0,0,0,0,0,209.433333333333,209,0,0,0,0,0,0
"phocea",30,0,0,0,0,0,136.433333333333,136,0,0,0,0,0,0
"phreatobacter",30,0,0,0,0,0,299.433333333333,299,0,0,0,0,0,0
"plantactinospora",30,0,0,0,0,0,403.433333333333,403,0,0,0,0,0,0
"plesiomonas",30,0,0,0,0,0,161.433333333333,161,0,0,0,0,0,0
"porphyromonadaceae_bacterium_c941",30,0,0,0,0,0,353.433333333333,353,0,0,0,0,0,0
"porphyromonas",30,0,0,0,0,0,195.433333333333,195,0,0,0,0,0,0
"prevotella",30,0,0,0,0,0,138.433333333333,138,0,0,0,0,0,0
"prevotella_1",30,0,0,0,0,0,341.433333333333,341,0,0,0,0,0,0
"prevotella_2",30,0,0,0,0,0,72.3333333333333,72,0,0,0,0,0,0
"prevotella_6",30,0,0,0,0,0,200.433333333333,200,0,0,0,0,0,0
"prevotella_7",30,0,0,0,0,0,84.7,85,0,0,0,0,0,0
"prevotellaceae_ga6a1_group",30,0,0,0,0,0,183.433333333333,183,0,0,0,0,0,0
"prevotellaceae_nk3b31_group",30,0,0,0,0,0,78.8333333333333,79.5,0,0,0,0,0,0
"prevotellaceae_ucg_001",30,0,0,0,0,0,133.366666666667,133,0,0,0,0,0,0
"prevotellaceae_ucg_003",30,0,0,0,0,0,226.433333333333,226,0,0,0,0,0,0
"prevotellaceae_ucg_004",30,0,0,0,0,0,318.433333333333,318,0,0,0,0,0,0
"propionibacterium",30,0,0,0,0,0,235.433333333333,235,0,0,0,0,0,0
"propioniciclava",30,0,0,0,0,0,252.433333333333,252,0,0,0,0,0,0
"proteiniphilum",30,0,0,0,0,0,284.433333333333,284,0,0,0,0,0,0
"proteocatella",30,0,0,0,0,0,213.433333333333,213,0,0,0,0,0,0
"proteus",30,0,0,0,0,0,79.9,80.5,0,0,0,0,0,0
"providencia",30,0,0,0,0,0,208.433333333333,208,0,0,0,0,0,0
"pseudobutyrivibrio",30,0,0,0,0,0,248.433333333333,248,0,0,0,0,0,0
"pseudochrobactrum",30,0,0,0,0,0,270.433333333333,270,0,0,0,0,0,0
"pseudocitrobacter",30,0,0,0,0,0,150.433333333333,150,0,0,0,0,0,0
"pseudoclavibacter",30,0,0,0,0,0,408.433333333333,408,0,0,0,0,0,0
"pseudoflavonifractor",30,0,0,0,0,0,247.433333333333,247,0,0,0,0,0,0
"pseudolabrys",30,0,0,0,0,0,365.433333333333,365,0,0,0,0,0,0
"pseudomonas",30,0,0,0,0,0,147.433333333333,147,0,0,0,0,0,0
"pseudoramibacter",30,0,0,0,0,0,322.433333333333,322,0,0,0,0,0,0
"pseudoxanthomonas",30,0,0,0,0,0,389.433333333333,389,0,0,0,0,0,0
"psychrobacter",30,0,0,0,0,0,166.433333333333,166,0,0,0,0,0,0
"pyramidobacter",30,0,0,0,0,0,176.433333333333,176,0,0,0,0,0,0
"raoultella",30,0,0,0,0,0,80.9,81.5,0,0,0,0,0,0
"raoultibacter",30,0,0,0,0,0,328.433333333333,328,0,0,0,0,0,0
"rhodanobacter",30,0,0,0,0,0,406.433333333333,406,0,0,0,0,0,0
"rhodococcus",30,0,0,0,0,0,390.433333333333,390,0,0,0,0,0,0
"rickettsiella",30,0,0,0,0,0,371.433333333333,371,0,0,0,0,0,0
"rikenella",30,0,0,0,0,0,395.433333333333,395,0,0,0,0,0,0
"rikenellaceae_rc9_gut_group",30,0,0,0,0,0,181.433333333333,181,0,0,0,0,0,0
"robinsoniella",30,0,0,0,0,0,120.066666666667,120,0,0,0,0,0,0
"roseomonas",30,0,0,0,0,0,339.433333333333,339,0,0,0,0,0,0
"ruminiclostridium",30,0,0,0,0,0,220.433333333333,220,0,0,0,0,0,0
"ruminiclostridium_1",30,0,0,0,0,0,173.433333333333,173,0,0,0,0,0,0
"ruminococcaceae_ucg_007",30,0,0,0,0,0,271.433333333333,271,0,0,0,0,0,0
"ruminococcaceae_ucg_008",30,0,0,0,0,0,110.8,111,0,0,0,0,0,0
"ruminococcaceae_ucg_011",30,0,0,0,0,0,268.433333333333,268,0,0,0,0,0,0
"ruminococcaceae_v9d2013_group",30,0,0,0,0,0,380.433333333333,380,0,0,0,0,0,0
"s5_a14a",30,0,0,0,0,0,224.433333333333,224,0,0,0,0,0,0
"saccharopolyspora",30,0,0,0,0,0,378.433333333333,378,0,0,0,0,0,0
"salmonella",30,0,0,0,0,0,227.433333333333,227,0,0,0,0,0,0
"sanguibacteroides",30,0,0,0,0,0,258.433333333333,258,0,0,0,0,0,0
"sarcina",30,0,0,0,0,0,116.9,117,0,0,0,0,0,0
"scardovia",30,0,0,0,0,0,329.433333333333,329,0,0,0,0,0,0
"sd04e11",30,0,0,0,0,0,304.433333333333,304,0,0,0,0,0,0
"selenomonas",30,0,0,0,0,0,246.433333333333,246,0,0,0,0,0,0
"selenomonas_3",30,0,0,0,0,0,122.066666666667,122,0,0,0,0,0,0
"selenomonas_4",30,0,0,0,0,0,344.433333333333,344,0,0,0,0,0,0
"senegalimassilia",30,0,0,0,0,0,154.433333333333,154,0,0,0,0,0,0
"senna_alexandrina",30,0,0,0,0,0,241.433333333333,241,0,0,0,0,0,0
"shinella",30,0,0,0,0,0,250.433333333333,250,0,0,0,0,0,0
"shuttleworthia",30,0,0,0,0,0,111.8,112,0,0,0,0,0,0
"slackia",30,0,0,0,0,0,168.433333333333,168,0,0,0,0,0,0
"sneathia",30,0,0,0,0,0,257.433333333333,257,0,0,0,0,0,0
"soonwooa",30,0,0,0,0,0,294.433333333333,294,0,0,0,0,0,0
"sphingobacterium",30,0,0,0,0,0,160.433333333333,160,0,0,0,0,0,0
"sphingomonas",30,0,0,0,0,0,343.433333333333,343,0,0,0,0,0,0
"sphingopyxis",30,0,0,0,0,0,288.433333333333,288,0,0,0,0,0,0
"sporosarcina",30,0,0,0,0,0,321.433333333333,321,0,0,0,0,0,0
"staphylococcus",30,0,0,0,0,0,104.8,105,0,0,0,0,0,0
"stenotrophomonas",30,0,0,0,0,0,215.433333333333,215,0,0,0,0,0,0
"stomatobaculum",30,0,0,0,0,0,188.433333333333,188,0,0,0,0,0,0
"succinatimonas",30,0,0,0,0,0,310.433333333333,310,0,0,0,0,0,0
"succiniclasticum",30,0,0,0,0,0,222.433333333333,222,0,0,0,0,0,0
"succinivibrio",30,0,0,0,0,0,101.766666666667,102,0,0,0,0,0,0
"taibaiella",30,0,0,0,0,0,287.433333333333,287,0,0,0,0,0,0
"terrimonas",30,0,0,0,0,0,352.433333333333,352,0,0,0,0,0,0
"tessaracoccus",30,0,0,0,0,0,402.433333333333,402,0,0,0,0,0,0
"tetrasphaera",30,0,0,0,0,0,375.433333333333,375,0,0,0,0,0,0
"thauera",30,0,0,0,0,0,336.433333333333,336,0,0,0,0,0,0
"thermomonas",30,0,0,0,0,0,360.433333333333,360,0,0,0,0,0,0
"tm7_phylum_sp_canine_oral_taxon_237",30,0,0,0,0,0,359.433333333333,359,0,0,0,0,0,0
"tm7_phylum_sp_oral_clone_fr058",30,0,0,0,0,0,174.433333333333,174,0,0,0,0,0,0
"trichococcus",30,0,0,0,0,0,374.433333333333,374,0,0,0,0,0,0
"uc5_1_2e3",30,0,0,0,0,0,148.433333333333,148,0,0,0,0,0,0
"uncultured_bacterium_oral_clone_be109",30,0,0,0,0,0,273.433333333333,273,0,0,0,0,0,0
"uncultured_bacteroidales_bacterium",30,0,0,0,0,0,373.433333333333,373,0,0,0,0,0,0
"uncultured_candidatus_saccharibacteria_bacterium",30,0,0,0,0,0,159.433333333333,159,0,0,0,0,0,0
"uncultured_clostridia_bacterium",30,0,0,0,0,0,292.433333333333,292,0,0,0,0,0,0
"uncultured_organism",30,0,0,0,0,0,221.433333333333,221,0,0,0,0,0,0
"uncultured_porphyromonadaceae_bacterium",30,0,0,0,0,0,129.366666666667,129,0,0,0,0,0,0
"uncultured_rumen_bacterium",30,0,0,0,0,0,320.433333333333,320,0,0,0,0,0,0
"uncultured_thermoanaerobacterales_bacterium",30,0,0,0,0,0,172.433333333333,172,0,0,0,0,0,0
"unidentified",30,0,0,0,0,0,203.433333333333,203,0,0,0,0,0,0
"uruburuella",30,0,0,0,0,0,233.433333333333,233,0,0,0,0,0,0
"vagococcus",30,0,0,0,0,0,141.433333333333,141,0,0,0,0,0,0
"varibaculum",30,0,0,0,0,0,303.433333333333,303,0,0,0,0,0,0
"verticia",30,0,0,0,0,0,409.433333333333,409,0,0,0,0,0,0
"vicia_faba_fava_bean",30,0,0,0,0,0,361.433333333333,361,0,0,0,0,0,0
"w5053",30,0,0,0,0,0,260.433333333333,260,0,0,0,0,0,0
"wallaby_gut_metagenome",30,0,0,0,0,0,82.6333333333333,83,0,0,0,0,0,0
"wastewater_metagenome",30,0,0,0,0,0,228.433333333333,228,0,0,0,0,0,0
"yaniella",30,0,0,0,0,0,370.433333333333,370,0,0,0,0,0,0
"marvinbryantia",30,-6.68176746117706e-07,0.00141259422729675,4.00906047667848e-05,-0.00394892456952711,0.00232525507647285,224.4,71.5,0,0,16,53.3333333333333,0,0
"uncultured_bacterium",30,-7.34994420724296e-06,2.65739876212779e-05,0,-0.000120271814300299,2.00453023833091e-05,129.233333333333,100,0,0,1,3.33333333333333,0,0
"bacteroides",30,-8.68629769947837e-06,0.00235578806064753,-5.01132559584949e-05,-0.00789784913905434,0.00533205043398077,236.366666666667,242.5,0,2,15,50,0,6.66666666666667
"sellimonas",30,-1.20271814300299e-05,3.70740002985718e-05,0,-0.000140317116683719,0,119.533333333333,89,0,0,0,0,0,0
"gut_metagenome",30,-1.73725953989271e-05,0.000701609940177605,3.00679535751303e-05,-0.00216489265740571,0.00168380540020441,194.666666666667,72.5,0,0,16,53.3333333333333,0,0
"fusicatenibacter",30,-2.47225396061701e-05,0.000952880030820221,7.01585583418596e-05,-0.00222502856455586,0.0016637600978211,237.233333333333,230,0,0,15,50,0,0
"intestinimonas",30,-2.50566279792327e-05,0.000186353107011737,0,-0.000641449676268446,0.000400906047667737,213.6,124.5,0,0,10,33.3333333333333,0,0
"family_xiii_ad3011_group",30,-2.97338652020307e-05,0.000185677761691632,-4.00906047667848e-05,-0.000320724838134279,0.000420951350051157,266.866666666667,403,0,0,11,36.6666666666667,0,0
"lachnospiraceae_ucg_008",30,-3.34088373056485e-05,0.000285544991371336,-2.00453023834202e-05,-0.000721630885801905,0.000501132559584727,241.766666666667,240.5,0,0,13,43.3333333333333,0,0
"ruminococcaceae_ucg_013",30,-3.67497210362e-05,0.00170385544622955,0.000280634233367383,-0.00434983061719496,0.00278629703129074,199.233333333333,52,0,0,18,60,0,0
"ruminococcaceae_ucg_010",30,-3.9422428020656e-05,0.000251331441101076,-1.00226511916546e-05,-0.000741676188185325,0.000360815442901008,245.2,257,0,0,13,43.3333333333333,0,0
"hungatella",30,-4.81087257201233e-05,0.000125415092915982,0,-0.000360815442901008,0.000200453023833869,199.9,84.5,0,0,5,16.6666666666667,0,0
"christensenellaceae_r_7_group",30,-5.27859629429139e-05,0.000689111444075255,1.00226511917101e-05,-0.00206466614548884,0.00132298995730351,217.533333333333,67.5,0,0,15,50,0,0
"clostridium_innocuum_group",30,-5.81313769118075e-05,0.00043734795442472,-3.00679535750747e-05,-0.00110249163108622,0.000581313769118186,252.466666666667,403.5,0,0,14,46.6666666666667,0,0
"family_xiii_ucg_001",30,-6.01359071501643e-05,0.000349065432773285,0,-0.00102231042155276,0.000521177861968036,232.333333333333,94.5,0,0,14,46.6666666666667,0,0
"streptococcus",30,-7.28312653263082e-05,0.00126980178715736,7.01585583418596e-05,-0.00282638763605747,0.00220498326217256,228.133333333333,82,0,0,16,53.3333333333333,0,0
"rothia",30,-7.48357955646502e-05,0.000485956815066602,3.00679535750192e-05,-0.00150339767875407,0.000881993304869044,212.533333333333,76.5,0,0,16,53.3333333333333,0,0
"turicibacter",30,-8.41902700102241e-05,0.00076327332978901,-2.00453023833647e-05,-0.00200453023833869,0.00198448493595527,240.566666666667,240.5,0,0,14,46.6666666666667,0,0
"eubacterium_coprostanoligenes_group",30,-8.95356839791324e-05,0.00126685494432309,-0.000270611582175728,-0.00296670475274119,0.00366829033615979,264.066666666667,419.5,0,0,13,43.3333333333333,0,0
"erysipelotrichaceae_ucg_003",30,-9.95583351708129e-05,0.00121620744512366,-0.000330747489325878,-0.002024575540722,0.00240543628600631,276.466666666667,423,0,0,12,40,0,0
"eubacterium_eligens_group",30,-0.000108912809616413,0.000972383253892232,5.01132559584394e-05,-0.00242548158838973,0.00214484735502241,227.466666666667,78,0,0,16,53.3333333333333,0,0
"butyricimonas",30,-0.000116262753823648,0.000597971783019907,-8.01812095335697e-05,-0.0017840319121214,0.00160362419067095,266.4,414.5,0,0,13,43.3333333333333,0,0
"gca_900066575",30,-0.000116930930569762,0.00143141525691255,0.000130294465492009,-0.00659490448413413,0.00120271814300321,202.2,69.5,0,0,18,60,0,0
"moryella",30,-0.00012294452128477,0.000440831148139876,-5.01132559584949e-05,-0.000781766792952054,0.000982219816785923,255.5,404.5,0,0,14,46.6666666666667,0,0
"paraprevotella",30,-0.000132967172476461,0.000408726355819682,-2.00453023833647e-05,-0.00138312586445366,0.000461041954817887,245.466666666667,241.5,0,0,11,36.6666666666667,0,0
"negativibacillus",30,-0.000146330707398719,0.000472460414789456,0,-0.00132298995730351,0.000621404373885026,234.1,91,0,0,14,46.6666666666667,0,0
"ruminococcaceae_ucg_003",30,-0.000153346563232907,0.000761626669659051,-0.000180407721450504,-0.002024575540722,0.0013029446549202,276.866666666667,417,0,0,12,40,0,0
"megasphaera",30,-0.000154014739979025,0.000405326920146575,-3.00679535750747e-05,-0.00126285405015336,0.000390883396476083,267.133333333333,404.5,0,0,9,30,0,0
"ruminococcaceae_ucg_004",30,-0.000157021535336529,0.00059137058967062,-5.01132559584949e-05,-0.00274620642652401,0.000420951350051157,256.533333333333,401.5,0,0,13,43.3333333333333,0,0
"ruminococcus_1",30,-0.000160362419067091,0.000889688799262426,-0.000200453023833813,-0.002024575540722,0.00256579870507345,254.866666666667,415.5,0,0,13,43.3333333333333,0,0
"collinsella",30,-0.000190764461015243,0.000959696200621003,-5.01132559584949e-05,-0.00346783731232592,0.00118267284061979,253.5,413.5,0,0,14,46.6666666666667,0,0
"megamonas",30,-0.000215821088994465,0.000533881885522589,-0.000110249163108644,-0.00138312586445366,0.000561268466734877,268.4,414,0,0,12,40,0,0
"ruminiclostridium_5",30,-0.000217825619232799,0.00123693886290771,-2.00453023834202e-05,-0.00451019303626199,0.00140317116683708,240.433333333333,246,0,0,15,50,0,0
"fusobacterium",30,-0.000220498326217248,0.000786933847166773,0,-0.0026259346122236,0.000781766792952054,232.5,79,0,0,13,43.3333333333333,0,0
"coprobacter",30,-0.000221834679709476,0.00129098416064396,0.000110249163108644,-0.00372842624330993,0.00122276344538652,217.6,73,0,0,17,56.6666666666667,0,0
"coprococcus_3",30,-0.000246557219315657,0.000966487117876874,-0.000230520977408999,-0.00308697656704149,0.00174394130735456,266.466666666667,422,0,0,13,43.3333333333333,0,0
"lachnospiraceae_ucg_010",30,-0.000281302410113526,0.000833076049999601,-5.55111512312578e-17,-0.00218493795978913,0.000942129212019194,244.2,248.5,0,0,15,50,0,0
"ruminococcaceae_ucg_014",30,-0.000356138205678166,0.000723867794969079,-0.000150339767875374,-0.00252570810030672,0.000641449676268335,293.666666666667,420,0,0,9,30,0,0
