"Genus","Base mean","Log2 fold change","Standard error","Wald statistic","Raw P value","Adjusted P value (FDR)","Direction","Mean abundance (HC)","Mean abundance (RA)","Prevalence (%) HC","Prevalence (%) RA"
"Candidatus_Saccharimonas",11.2431411459577,-25.0436622002916,2.92333802046064,-8.56680343669098,1.06397282576145e-17,1.27676739091374e-15,"Higher in HC",55.5789473684211,0,21.0526315789474,0
"CAG-352",192.117074336932,-6.28902647499746,2.46714010259952,-2.54911606696797,0.0107996350856693,0.647978105140157,"Higher in HC",257.789473684211,46.4,31.5789473684211,15
"Lachnospiraceae_UCG-001",45.3598120646054,3.12664876431958,2.46819249414334,1.26677670876103,0.205235142498134,0.652598393694161,"Higher in RA",9.31578947368421,47,10.5263157894737,30
"Terrisporobacter",4.41678331187638,5.14505115700734,2.92554339304942,1.75866513182853,0.0786344031156197,0.652598393694161,"Higher in RA",20.8947368421053,13.7,10.5263157894737,15
"[Ruminococcus]_gauvreauii_group",32.9788967765805,-2.86680639852051,2.22289609662361,-1.28967179477032,0.197164636554827,0.652598393694161,"Higher in HC",39.8421052631579,5.9,47.3684210526316,5
"Tyzzerella",29.314125868256,-2.95217876751568,2.49367097285547,-1.18386860161234,0.236465080946012,0.652598393694161,"Higher in HC",26.8947368421053,3.7,31.5789473684211,10
"Slackia",1.69324482044462,3.74782731663296,2.92951447248818,1.27933394828043,0.200779482739781,0.652598393694161,"Higher in RA",0,9.8,0,10
"Colidextribacter",29.3419447923948,-2.58582618644851,1.94068318701068,-1.3324308695803,0.182718643880028,0.652598393694161,"Higher in HC",26.7894736842105,5.45,42.1052631578947,25
"Helicobacter",2.9037121162267,-5.10432070924075,2.9229686020377,-1.74627969170875,0.0807623629726073,0.652598393694161,"Higher in HC",22.7894736842105,0,21.0526315789474,0
"Senegalimassilia",2.85481132071259,4.50333472423704,2.92690807077023,1.53859793862674,0.123902482110328,0.652598393694161,"Higher in RA",2.63157894736842,17.25,5.26315789473684,15
"[Eubacterium]_fissicatena_group",2.47443570309658,-4.87100523360432,2.92377936738302,-1.66599617192189,0.0957141768964049,0.652598393694161,"Higher in HC",8.68421052631579,2.4,10.5263157894737,5
"Lachnospiraceae_UCG-010",20.2724912220497,-2.46213715959872,2.02141517860455,-1.21802645278365,0.223213920540858,0.652598393694161,"Higher in HC",22.3157894736842,3.2,47.3684210526316,15
"Adlercreutzia",25.2063416501845,-2.94569377012242,2.3634699816661,-1.24634278961558,0.212638574974867,0.652598393694161,"Higher in HC",31.0526315789474,18.1,31.5789473684211,15
"Christensenella",1.94419948100445,-4.52258945377834,2.92526088391976,-1.54604653507628,0.122093329594864,0.652598393694161,"Higher in HC",7.36842105263158,0,10.5263157894737,0
"Eggerthella",2.73908854723403,-5.01783340376037,2.9232540383204,-1.71652320940381,0.0860663237393289,0.652598393694161,"Higher in HC",16.2631578947368,2.1,15.7894736842105,5
"Mogibacterium",1.58887096871694,3.6692339396932,2.92987147462977,1.25235320779962,0.210441188675926,0.652598393694161,"Higher in RA",0,20,0,10
"Lachnospiraceae_FCS020_group",1.9612119066759,-4.53928835620926,2.92518147337732,-1.55179717823399,0.120710761347575,0.652598393694161,"Higher in HC",8.78947368421053,5.05,15.7894736842105,5
"Anaerotruncus",2.06979398490227,-4.61338163834083,2.92483993710382,-1.57731080590653,0.114724027204355,0.652598393694161,"Higher in HC",5.57894736842105,0,15.7894736842105,0
"Anaeroplasma",1.3787970127793,-4.02640348532947,2.92808939683208,-1.37509581834683,0.169101740621492,0.652598393694161,"Higher in HC",3.57894736842105,0,15.7894736842105,0
"Lachnospiraceae_UCG-006",0.972099740502227,-3.52027146886261,2.9321603011439,-1.20057265200994,0.229917014784082,0.652598393694161,"Higher in HC",3.89473684210526,0,10.5263157894737,0
"Acetatifactor",1.78095691701878,-4.39475716047567,2.92589999088624,-1.50201892551513,0.133092221218603,0.652598393694161,"Higher in HC",2,0,10.5263157894737,0
"Veillonella",1.32789123267991,3.40974079905035,2.93119634450921,1.16325909229437,0.24472439763531,0.652598393694161,"Higher in RA",22.3157894736842,1.9,15.7894736842105,10
"Desulfovibrio",1.01717373867579,-3.59358475527246,2.93147972771487,-1.22586034666994,0.220251233139906,0.652598393694161,"Higher in HC",47.3684210526316,0.65,26.3157894736842,5
"Bacteroides",1529.11311153485,4.60381601859697,2.1092575747617,2.18267132174083,0.0290600233182081,0.652598393694161,"Higher in RA",628.736842105263,5107.7,15.7894736842105,50
"Alloprevotella",2.10114904463976,-4.64435688468881,2.9247022381376,-1.58797597380247,0.112291772172344,0.652598393694161,"Higher in HC",125.210526315789,0,15.7894736842105,0
"Lactobacillus",8.01095571649053,-6.56807034409874,2.92001891331308,-2.24932458969813,0.0244918524766611,0.652598393694161,"Higher in HC",710.578947368421,1.2,21.0526315789474,5
"Escherichia-Shigella",5.75060306619444,-6.08997109388436,2.9206788066888,-2.08512181481147,0.0370582445572518,0.652598393694161,"Higher in HC",93.4736842105263,0,21.0526315789474,0
"HT002",1.06369536484521,-3.65769500590432,2.93091194441411,-1.24797164680275,0.212041440654083,0.652598393694161,"Higher in HC",45.1578947368421,0,21.0526315789474,0
"Ligilactobacillus",1.26313824575369,-3.90518523637362,2.92893981328936,-1.3333101686333,0.182430038057446,0.652598393694161,"Higher in HC",44.1578947368421,49.7,21.0526315789474,5
"Haemophilus",1.46258112666217,-4.11636639744678,2.92750247074112,-1.40610176715058,0.159693907717468,0.652598393694161,"Higher in HC",33.6842105263158,0,15.7894736842105,0
"Enterococcus",3.39052897544412,-5.32815811084017,2.92230432600391,-1.82327284103437,0.0682620775795586,0.652598393694161,"Higher in HC",83.2105263157895,0,21.0526315789474,0
"Streptococcus",2.22820441980659,-4.72501022596696,2.92435719443887,-1.61574319134212,0.106149848527501,0.652598393694161,"Higher in HC",24.0526315789474,9.45,15.7894736842105,5
"Pseudomonas",1.96233891581145,-4.54166093597382,2.92517026453887,-1.55261421566849,0.120515327423697,0.652598393694161,"Higher in HC",29.1578947368421,0,21.0526315789474,0
"Klebsiella",1.41269123782697,-4.06714436243334,2.92781910248068,-1.38913785998163,0.164790833070236,0.652598393694161,"Higher in HC",19.7368421052632,0,21.0526315789474,0
"Savagea",2.73152217065695,-5.01829302444798,2.92325247303857,-1.71668135774524,0.0860374081633316,0.652598393694161,"Higher in HC",5.42105263157895,0,15.7894736842105,0
"Treponema",2.17895926554746,-4.69293055762139,2.9244921429818,-1.60469932151587,0.108559991334418,0.652598393694161,"Higher in HC",4.31578947368421,0,15.7894736842105,0
"Mucispirillum",1.77813832962228,-4.40046472393568,2.92587024016621,-1.50398492165726,0.132585249207383,0.652598393694161,"Higher in HC",3.52631578947368,0,15.7894736842105,0
"Staphylococcus",1.83369661221169,-4.44470799628981,2.92564354384276,-1.51922403727003,0.128706112823499,0.652598393694161,"Higher in HC",3.63157894736842,0,15.7894736842105,0
"Jeotgalicoccus",1.00240898924362,-3.57695628423287,2.9316311109364,-1.22012495736216,0.222417508880208,0.652598393694161,"Higher in HC",2,0,10.5263157894737,0
"Ralstonia",1.48750065396443,-4.14381396722032,2.92733050323431,-1.41556068323749,0.156904169494255,0.652598393694161,"Higher in HC",2.94736842105263,0,15.7894736842105,0
"Acinetobacter",1.95205961063231,-4.5347677300494,2.92520288063459,-1.55024041582567,0.121083822628922,0.652598393694161,"Higher in HC",6.42105263157895,0,15.7894736842105,0
"Bacillus",1.11352555442245,-3.72778499551923,2.93031907463501,-1.27214303308712,0.203322303757546,0.652598393694161,"Higher in HC",2.21052631578947,0,15.7894736842105,0
"Citrobacter",1.99197171577648,-4.56382413532451,2.92506643891515,-1.56024631598356,0.118701684311357,0.652598393694161,"Higher in HC",3.94736842105263,0,15.7894736842105,0
"Yokenella",0.896892253533765,-3.41737059374791,2.93317498238258,-1.16507559701468,0.243988393790048,0.652598393694161,"Higher in HC",1.78947368421053,0,10.5263157894737,0
"Halanaerobium",0.903425387914241,-3.42763402713693,2.93307054216264,-1.16861629403895,0.242558260409288,0.652598393694161,"Higher in HC",1.78947368421053,0,15.7894736842105,0
"Clostridium_sensu_stricto_1",88.4013865897165,2.50532375507636,2.20846352590395,1.13441934887781,0.256618686627095,0.659540409219396,"Higher in RA",106,490.2,26.3157894736842,30
"Shuttleworthia",1.03622019698931,3.05146160276527,2.93345778013397,1.04022686927027,0.298234510992484,0.659540409219396,"Higher in RA",8.8421052631579,7.15,10.5263157894737,10
"GCA-900066575",0.79985464206896,-3.24599245029291,2.93503159492628,-1.10594804359319,0.268749008332012,0.659540409219396,"Higher in HC",2.57894736842105,4.4,10.5263157894737,5
"Sutterella",1.20333447867498,3.25844232578704,2.93208444640304,1.11130575716684,0.266436762136279,0.659540409219396,"Higher in RA",0,1.45,0,10
"Barnesiella",1.01241802227894,3.02615573734774,2.93363935361479,1.03153638623608,0.302289354225556,0.659540409219396,"Higher in RA",22.2631578947368,25.55,5.26315789473684,10
"Coprobacter",1.10713161918496,3.15786345150006,2.93272763143804,1.07676669924906,0.281584505925849,0.659540409219396,"Higher in RA",1.63157894736842,30.05,5.26315789473684,20
"Faecalibaculum",0.698050083179672,-3.05664284056067,2.9372078851603,-1.04066275186166,0.298032096230924,0.659540409219396,"Higher in HC",35,0,21.0526315789474,0
"Peptococcus",0.79137551782391,-3.23790148128633,2.93512473231226,-1.10315634822631,0.269959274140264,0.659540409219396,"Higher in HC",1.57894736842105,0,10.5263157894737,0
"Coriobacteriaceae_UCG-002",0.685858782114055,-3.0389452229386,2.93741569510035,-1.03456423549707,0.300872463624284,0.659540409219396,"Higher in HC",1.36842105263158,0,10.5263157894737,0
"Merdibacter",0.746083589260955,-3.15369609951498,2.93611178963149,-1.07410627573918,0.282775052131988,0.659540409219396,"Higher in HC",1.47368421052632,0,15.7894736842105,0
"TM7x",0.917056880033421,2.87421424641227,2.93479777995604,0.979356828617786,0.327403700312484,0.701579357812465,"Higher in RA",0.947368421052632,2.95,5.26315789473684,10
"Dubosiella",0.565088162574021,-2.77775684082009,2.94047810346551,-0.944661630891369,0.344831651574991,0.725961371736824,"Higher in HC",19.3684210526316,0,21.0526315789474,0
"Lachnoclostridium",600.795510861545,-1.34920860721968,1.49697699094224,-0.901288807632543,0.367434783104375,0.73486956620875,"Higher in HC",468.421052631579,187,63.1578947368421,45
"Megamonas",0.793222175176611,2.66240446326329,2.93657059388049,0.90663730979649,0.364598624943813,0.73486956620875,"Higher in RA",714.368421052632,2.35,5.26315789473684,10
"Paraprevotella",0.786975061650564,2.67785939510768,2.93644648312012,0.911938770381516,0.361800950715468,0.73486956620875,"Higher in RA",5.36842105263158,15.4,5.26315789473684,15
"[Eubacterium]_ventriosum_group",80.9240901807463,-1.51833304646684,1.75028374716219,-0.867478229703371,0.38568003498522,0.758714822921744,"Higher in HC",66.5263157894737,20.75,57.8947368421053,25
"Lachnospiraceae_UCG-004",153.331594541281,-1.61504933049675,1.93919777386283,-0.832844051424218,0.40493268692579,0.771300356049125,"Higher in HC",108.105263157895,38.9,42.1052631578947,30
"UBA1819",12.8359875640329,-2.23834266172654,2.68053573958782,-0.83503555974625,0.403697687104933,0.771300356049125,"Higher in HC",14.3157894736842,1.45,31.5789473684211,5
"Unknown",1137.48266718852,-0.75065831844697,0.945541886917629,-0.793892189053666,0.427258197293362,0.797076479347687,"Higher in HC",1199.42105263158,467.85,100,70
"Flavonifractor",28.4441093724691,-1.54957793886176,1.97138131060001,-0.786036638640001,0.431846022653796,0.797076479347687,"Higher in HC",20.6842105263158,8.35,42.1052631578947,25
"UCG-005",141.701110422983,-1.34256287944278,1.86500127308237,-0.71987236621231,0.471603583614048,0.797076479347687,"Higher in HC",139.052631578947,47.35,36.8421052631579,40
"Holdemanella",0.815660377346454,2.22108420493267,2.94041616874704,0.755363893227098,0.45003067152559,0.797076479347687,"Higher in RA",0,7,0,10
"Parasutterella",0.541068522250369,2.1635789735675,2.94090558270243,0.735684608949384,0.461922658360852,0.797076479347687,"Higher in RA",15.3157894736842,2,15.7894736842105,10
"Rikenellaceae_RC9_gut_group",0.314311084318738,-2.12986566693303,2.9479485811623,-0.722490779026167,0.469992792525144,0.797076479347687,"Higher in HC",42.3157894736842,0,15.7894736842105,0
"Erysipelatoclostridium",0.316550207129564,-2.12562149081369,2.94798989047833,-0.721040970214722,0.470884307816067,0.797076479347687,"Higher in HC",0.631578947368421,0,10.5263157894737,0
"Catenococcus",0.316550207129564,-2.12562149081369,2.94798989047833,-0.721040970214722,0.470884307816067,0.797076479347687,"Higher in HC",0.631578947368421,0,10.5263157894737,0
"Marvinbryantia",2.13912615074571,-2.04349812983577,2.9154918180233,-0.700910260561548,0.483359020712594,0.798152988007445,"Higher in HC",6.31578947368421,8.25,15.7894736842105,15
"Muribaculum",0.289958529209177,-2.05645375515108,2.94867980049252,-0.697415078710001,0.485543067704529,0.798152988007445,"Higher in HC",7.84210526315789,0,10.5263157894737,0
"Parabacteroides",38.9714207048071,1.3935221843414,2.10598791031336,0.661695244078609,0.508166553305683,0.824053870225432,"Higher in RA",41.8421052631579,118.55,15.7894736842105,40
"Dorea",328.151217931009,0.978490404188981,1.56743038820277,0.624264025728714,0.532454205224612,0.838804879580495,"Higher in RA",135.526315789474,279.2,57.8947368421053,45
"Butyricicoccus",203.866024284707,-0.884568083153978,1.46225669105237,-0.604933517190721,0.545223171727322,0.838804879580495,"Higher in HC",158.210526315789,85.25,63.1578947368421,45
"Lachnospiraceae_NK4A136_group",394.122614938632,-0.983394311033252,1.60833484347612,-0.611436303218942,0.540910775152402,0.838804879580495,"Higher in HC",369.315789473684,132.7,57.8947368421053,40
"Rikenella",0.220920784159373,-1.81948876381371,2.95061340273456,-0.616647630668069,0.537467170503329,0.838804879580495,"Higher in HC",8.63157894736842,0,10.5263157894737,0
"Aquamonas",0.379947405562746,1.71721288711884,2.94517259066842,0.583060188920577,0.559852782686725,0.85040929015705,"Higher in RA",0.631578947368421,1.7,5.26315789473684,10
"[Ruminococcus]_gnavus_group",8.13469277751934,1.59305909586059,2.89505641107457,0.550268758068615,0.582135049346132,0.865332939494013,"Higher in RA",32.9473684210526,35.45,21.0526315789474,20
"Alistipes",44.7784933275481,1.26727934971407,2.34926663961499,0.539436149283489,0.589585943369823,0.865332939494013,"Higher in RA",57,160.85,15.7894736842105,30
"Butyricimonas",0.321681214694134,1.58187828867067,2.94611295430019,0.536937419986473,0.591310841987575,0.865332939494013,"Higher in RA",7.84210526315789,11.15,10.5263157894737,15
"[Eubacterium]_xylanophilum_group",6.75804973332508,1.4669143344468,2.89633598742396,0.506472433038229,0.612525037170081,0.87503576738583,"Higher in RA",18.1578947368421,16.25,21.0526315789474,15
"Oscillibacter",39.8242314594807,-0.980185325585509,1.89680626925606,-0.516755633652531,0.6053267544215,0.87503576738583,"Higher in HC",27.6842105263158,15.85,47.3684210526316,25
"Intestinibacter",104.389471384369,0.85826895964775,1.86496047854485,0.460207585909499,0.645367226480613,0.909722930258623,"Higher in RA",65.5263157894737,85.95,36.8421052631579,40
"Negativibacillus",2.3727496553273,-1.31223200991434,2.90941335904259,-0.451029760290288,0.65196810001868,0.909722930258623,"Higher in HC",18.9473684210526,9.05,21.0526315789474,15
"Blautia",807.606606776295,-0.599824553441848,1.50278828708636,-0.399141088998506,0.689789247937345,0.933656187967265,"Higher in HC",606.315789473684,364.2,63.1578947368421,45
"CAG-56",46.448317884722,0.666479295331527,1.83061711237013,0.364073563405417,0.71580307744157,0.933656187967265,"Higher in RA",39.1052631578947,55.7,36.8421052631579,40
"Coprococcus",362.685702798103,0.627496516754851,1.67720234987165,0.374132862861104,0.708305470162375,0.933656187967265,"Higher in RA",219.157894736842,231,52.6315789473684,40
"Monoglobus",104.954052575785,-0.598790685695482,1.57173817375441,-0.380973558888088,0.703222868611774,0.933656187967265,"Higher in HC",80.7894736842105,47.85,52.6315789473684,45
"Family_XIII_AD3011_group",16.6314218615721,-0.952120588037965,2.42166976349979,-0.393166980233491,0.694196155938863,0.933656187967265,"Higher in HC",19.3157894736842,7.3,26.3157894736842,20
"Paludicola",1.30222465593555,-1.15462886909567,2.92309171813117,-0.395002613819407,0.692840958960193,0.933656187967265,"Higher in HC",3.26315789473684,0.5,10.5263157894737,5
"[Ruminococcus]_torques_group",400.688657504857,-0.574177456933428,1.62422170862252,-0.353509286254017,0.723706668196151,0.933815055736969,"Higher in HC",305,210.15,57.8947368421053,40
"Lachnospira",194.765317285941,0.539341486048582,1.8067668961873,0.298511937088685,0.765312466722474,0.946778309347391,"Higher in RA",342.210526315789,125.65,42.1052631578947,40
"[Eubacterium]_ruminantium_group",35.9014197808159,0.709107390179483,2.30575157640458,0.307538503903015,0.758433520193708,0.946778309347391,"Higher in RA",67.5263157894737,53.15,15.7894736842105,35
"UCG-003",46.5887897181633,0.622991531914137,1.98552206632142,0.313767115702902,0.753697921845916,0.946778309347391,"Higher in RA",23.9473684210526,28.15,31.5789473684211,35
"Intestinimonas",23.3864232065829,-0.753706617442443,2.30267098885154,-0.327318414611354,0.743427066021122,0.946778309347391,"Higher in HC",16.5263157894737,9.75,26.3157894736842,25
"Fusicatenibacter",235.461600668927,-0.398688219051268,1.52408252693491,-0.261592277324425,0.793635798552604,0.965871552787336,"Higher in HC",153.473684210526,112.85,57.8947368421053,45
"[Eubacterium]_eligens_group",144.502539047091,-0.447767701408229,1.73935189098664,-0.257433647399685,0.796844031049552,0.965871552787336,"Higher in HC",230.368421052632,145.8,47.3684210526316,40
"Agathobacter",650.258788869233,0.254993351649472,1.58109736447983,0.16127618537481,0.871875879033456,0.969938886371719,"Higher in RA",709.210526315789,604.7,63.1578947368421,40
"Anaerostipes",313.0736624906,-0.344575452290932,1.49972865270346,-0.229758531098134,0.818279410066367,0.969938886371719,"Higher in HC",207.578947368421,166.45,63.1578947368421,45
"Collinsella",157.910012562673,0.310677953811036,1.79502499329854,0.173077230105935,0.862590722576858,0.969938886371719,"Higher in RA",106.368421052632,89.75,42.1052631578947,40
"Ruminococcus",407.169038898953,-0.338811146937823,1.67915688624458,-0.201774563004396,0.840092968309606,0.969938886371719,"Higher in HC",259.421052631579,208.6,47.3684210526316,45
"Lachnospiraceae_ND3007_group",71.7313717162309,0.307476462196666,1.92270303324341,0.159918852199439,0.872944997734547,0.969938886371719,"Higher in RA",34.6315789473684,44.65,36.8421052631579,35
"NK4A214_group",83.7943463976192,0.363115437055006,1.76950101612415,0.205207814941164,0.837409763933235,0.969938886371719,"Higher in RA",53.2105263157895,53.75,42.1052631578947,40
"UCG-009",7.82092193019596,-0.479054682887773,2.26703203947253,-0.211313591756398,0.832642577698148,0.969938886371719,"Higher in HC",4.84210526315789,3.8,26.3157894736842,25
"Erysipelotrichaceae_UCG-003",4.03153266013613,-0.519624193749965,2.89858138389767,-0.179268450641615,0.857726918270275,0.969938886371719,"Higher in HC",22.1052631578947,3.5,21.0526315789474,15
"Bilophila",1.91132842956117,-0.571352508198263,2.91208130663704,-0.196200740307653,0.844453048637198,0.969938886371719,"Higher in HC",4.10526315789474,3.65,15.7894736842105,10
"Roseburia",974.866337204169,0.202809715185774,1.60202943815027,0.126595498407284,0.899260560025398,0.990011625716035,"Higher in RA",533.578947368421,653.65,63.1578947368421,40
"Faecalibacterium",5861.86502815441,0.0868183723509807,1.64088495976529,0.0529094814565178,0.957804029869793,0.994535993965989,"Higher in RA",3103.21052631579,2809.95,63.1578947368421,45
"[Eubacterium]_hallii_group",298.77307482626,-0.0932210488842849,1.53545840610046,-0.0607121941655422,0.951588420057554,0.994535993965989,"Higher in HC",225.789473684211,498.6,57.8947368421053,45
"Subdoligranulum",1070.31832215138,-0.125372823818999,1.72684420290896,-0.0726022785424427,0.942122613493024,0.994535993965989,"Higher in HC",742.631578947368,496.6,52.6315789473684,40
"Romboutsia",175.494263578636,-0.0799035074756894,1.88508870888241,-0.0423871338782039,0.966190084810005,0.994535993965989,"Higher in HC",124.473684210526,116.25,42.1052631578947,35
"UCG-002",224.382461239752,0.128892809156614,1.80387170101496,0.071453423812842,0.94303689217146,0.994535993965989,"Higher in RA",156.473684210526,116.75,36.8421052631579,45
"Christensenellaceae_R-7_group",265.63989037903,0.191087678863842,1.96843903674515,0.0970757413853209,0.922666245428285,0.994535993965989,"Higher in RA",187.631578947368,134.5,36.8421052631579,35
"[Eubacterium]_siraeum_group",8.37066000370139,0.0542073688181097,2.8922129402525,0.0187425234372187,0.985046505406791,0.994535993965989,"Higher in RA",41.5789473684211,15.3,15.7894736842105,15
"Family_XIII_UCG-001",10.4036906143861,0.0601209226083837,2.42624404011269,0.0247794210369667,0.980230905651924,0.994535993965989,"Higher in RA",13.1052631578947,6.1,26.3157894736842,20
"Howardella",1.6700292644035,0.0199662879062577,2.9155656563699,0.0068481695353475,0.994535993965989,0.994535993965989,"Higher in RA",3.31578947368421,5.35,10.5263157894737,10
"Incertae_Sedis",23.767422639288,-0.0190608370278859,2.08249839085451,-0.00915286999096535,0.992697168313138,0.994535993965989,"Higher in HC",17.1052631578947,11.4,31.5789473684211,30
"Phascolarctobacterium",2.49413768485239,0.221247451378844,2.90640689770716,0.0761240456569878,0.939320409975276,0.994535993965989,"Higher in RA",2.21052631578947,116.05,10.5263157894737,20
"Hungatella",0,0,0,0,1,NA,"No change",2.78947368421053,9.2,5.26315789473684,5
"Eisenbergiella",0,0,0,0,1,NA,"No change",9.21052631578947,6.3,10.5263157894737,5
"Sellimonas",0,0,0,0,1,NA,"No change",0,17.85,0,10
"Lachnospiraceae_UCG-003",0,0,0,0,1,NA,"No change",10.3684210526316,0,10.5263157894737,0
"Prevotella",0,0,0,0,1,NA,"No change",1.15789473684211,530.25,5.26315789473684,5
"Prevotella_9",0,0,0,0,1,NA,"No change",255.789473684211,495.2,5.26315789473684,5
"Odoribacter",0,0,0,0,1,NA,"No change",53.7368421052632,7.75,15.7894736842105,10
"Weissella",0,0,0,0,1,NA,"No change",11.6842105263158,0,10.5263157894737,0
"Lactococcus",0,0,0,0,1,NA,"No change",13.2631578947368,0,10.5263157894737,0
"Enterobacter",0,0,0,0,1,NA,"No change",36,0,15.7894736842105,0
"Leuconostoc",0,0,0,0,1,NA,"No change",4.52631578947368,0,10.5263157894737,0
