"Sample","Depth","Group"
"HC0017",10000,"HC"
"HC0018",10000,"HC"
"HC0021",10000,"HC"
"HC0026",10000,"HC"
"HC0027",10000,"HC"
"HC0028",10000,"HC"
"HC0029",10000,"HC"
"HC0030",10000,"HC"
"HC0031",10000,"HC"
"HC0040",10000,"HC"
"HC0042",10000,"HC"
"HC0043",10000,"HC"
"HC0044",10000,"HC"
"HC0048",10000,"HC"
"HC0050",10000,"HC"
"HC0053",10000,"HC"
"HC0056",10000,"HC"
"HC0057",10000,"HC"
"HC0059",10000,"HC"
"HC0060",10000,"HC"
"HC0061",10000,"HC"
"HC0063",10000,"HC"
"HC0064",10000,"HC"
"HC0065",10000,"HC"
"HC0068",10000,"HC"
"HC0069",10000,"HC"
"HC0070",10000,"HC"
"HC0074",10000,"HC"
"HC0075",10000,"HC"
"HC0076",10000,"HC"
"HC0077",10000,"HC"
"HC0078",10000,"HC"
"HC0079",10000,"HC"
"HC0082",10000,"HC"
"HC0083",10000,"HC"
"HC0087",10000,"HC"
"HC0088",10000,"HC"
"HC0089",10000,"HC"
"HC0091",10000,"HC"
"HC0092",10000,"HC"
"HC0094",10000,"HC"
"HC0105",10000,"HC"
"HC0108",10000,"HC"
"HC0115",10000,"HC"
"HC0116",10000,"HC"
"HC0117",10000,"HC"
"HC0119",10000,"HC"
"HC0120",10000,"HC"
"HC0122",10000,"HC"
"HC0123",10000,"HC"
"HC0124",10000,"HC"
"HC0125",10000,"HC"
"HC0126",10000,"HC"
"HC0127",10000,"HC"
"HC0129",10000,"HC"
"HC0130",10000,"HC"
"HC0135",10000,"HC"
"HC0138",10000,"HC"
"HC0140",10000,"HC"
"HC0143",10000,"HC"
"HC0144",10000,"HC"
"HC0145",10000,"HC"
"HC0147",10000,"HC"
"HC0149",10000,"HC"
"HC0150",10000,"HC"
"HC0152",10000,"HC"
"HC0153",10000,"HC"
"HC0156",10000,"HC"
"HC0159",10000,"HC"
"HC0161",10000,"HC"
"HC0162",10000,"HC"
"HC0163",10000,"HC"
"HC0164",10000,"HC"
"HC0165",10000,"HC"
"HC0171",10000,"HC"
"HC0172",10000,"HC"
"HC0176",10000,"HC"
"HC0178",10000,"HC"
"HC0179",10000,"HC"
"HC0180",10000,"HC"
"HC0181",10000,"HC"
"HC0182",10000,"HC"
"HC0183",10000,"HC"
"HC0184",10000,"HC"
"HC0185",10000,"HC"
"HC0187",10000,"HC"
"HC0188",10000,"HC"
"HC0189",10000,"HC"
"HC0190",10000,"HC"
"HC0193",10000,"HC"
"HC0194",10000,"HC"
"HC0196",10000,"HC"
"HC0197",10000,"HC"
"HC0199",10000,"HC"
"HC0200",10000,"HC"
"HC0203",10000,"HC"
"HC0206",10000,"HC"
"HC0210",10000,"HC"
"HC0211",10000,"HC"
"HC0212",10000,"HC"
"HC0214",10000,"HC"
"HC0215",10000,"HC"
"HC0216",10000,"HC"
"HC0217",10000,"HC"
"HC0218",10000,"HC"
"HC0225",10000,"HC"
"HC0227",10000,"HC"
"HC0230",10000,"HC"
"HC0232",10000,"HC"
"HC0238",10000,"HC"
"HC0244",10000,"HC"
"HC0245",10000,"HC"
"HC0247",10000,"HC"
"HC0249",10000,"HC"
"HC0251",10000,"HC"
"HC0258",10000,"HC"
"HC0272",10000,"HC"
"HC0276",10000,"HC"
"HC0278",10000,"HC"
"HC0279",10000,"HC"
"HC0281",10000,"HC"
"HC0282",10000,"HC"
"HC0286",10000,"HC"
"HC0287",10000,"HC"
"HC0289",10000,"HC"
"HC0293",10000,"HC"
"HC0296",10000,"HC"
"HC0297",10000,"HC"
"HC0300",10000,"HC"
"HC0302",10000,"HC"
"HC0304",10000,"HC"
"HC0305",10000,"HC"
"HC0315",10000,"HC"
"HC0318",10000,"HC"
"HC0319",10000,"HC"
"HC0320",10000,"HC"
"HC0321",10000,"HC"
"HC0322",10000,"HC"
"HC0323",10000,"HC"
"HC0324",10000,"HC"
"HC0325",10000,"HC"
"HC0326",10000,"HC"
"HC0381",10000,"HC"
"HC0401",10000,"HC"
"HC0402",10000,"HC"
"HC0404",10000,"HC"
"HC0410",10000,"HC"
"HC0411",10000,"HC"
"HC0412",10000,"HC"
"HC0429",10000,"HC"
"HC0430",10000,"HC"
"HC0431",10000,"HC"
"HC0433",10000,"HC"
"HC0439",10000,"HC"
"HC0441",10000,"HC"
"HC0446",10000,"HC"
"HC0501",10000,"HC"
"HC0502",10000,"HC"
"HC0503",10000,"HC"
"HC0505",10000,"HC"
"HC0595",10000,"HC"
"HC0596",10000,"HC"
"HC0597",10000,"HC"
"HC0598",10000,"HC"
"HC0599",10000,"HC"
"HC0600",10000,"HC"
"HC0601",10000,"HC"
"HC0602",10000,"HC"
"HC0603",10000,"HC"
"HC0605",10000,"HC"
"HC0606",10000,"HC"
"HC0607",10000,"HC"
"HC0608",10000,"HC"
"HC0609",10000,"HC"
"HC0610",10000,"HC"
"HC0611",10000,"HC"
"HC0612",10000,"HC"
"HC0613",10000,"HC"
"HC0614",10000,"HC"
"HC0615",10000,"HC"
"HC0616",10000,"HC"
"HC0617",10000,"HC"
"HC0618",10000,"HC"
"HC0619",10000,"HC"
"HC0620",10000,"HC"
"HC0621",10000,"HC"
"HC0622",10000,"HC"
"HC0623",10000,"HC"
"HC0625",10000,"HC"
"HC0626",10000,"HC"
"HC0627",10000,"HC"
"HC0628",10000,"HC"
"HC0629",10000,"HC"
"HC0630",10000,"HC"
"HC0631",10000,"HC"
"HC0632",10000,"HC"
"HC0633",10000,"HC"
"HC0634",10000,"HC"
"HC0635",10000,"HC"
"HC0636",10000,"HC"
"HC0637",10000,"HC"
"HC0638",10000,"HC"
"HC0639",10000,"HC"
"HC0640",10000,"HC"
"HC0641",10000,"HC"
"HC0642",10000,"HC"
"HC0643",10000,"HC"
"HC0644",10000,"HC"
"HC0645",10000,"HC"
"HC0646",10000,"HC"
"HC0647",10000,"HC"
"HC0648",10000,"HC"
"HC0650",10000,"HC"
"HC0651",10000,"HC"
"HC0652",10000,"HC"
"HC0653",10000,"HC"
"HC0654",10000,"HC"
"HC0655",10000,"HC"
"HC0656",10000,"HC"
"HC0657",10000,"HC"
"HC0658",10000,"HC"
"HC0659",10000,"HC"
"HC0660",10000,"HC"
"HC0661",10000,"HC"
"HC0663",10000,"HC"
"HC0664",10000,"HC"
"HC0665",10000,"HC"
"HC0666",10000,"HC"
"HC0667",10000,"HC"
"HC0668",10000,"HC"
"HC0669",10000,"HC"
"HC0670",10000,"HC"
"HC0671",10000,"HC"
"HC0672",10000,"HC"
"HC0673",10000,"HC"
"HC0674",10000,"HC"
"HC0675",10000,"HC"
"HC0676",10000,"HC"
"HC0677",10000,"HC"
"HC0678",10000,"HC"
"HC0680",10000,"HC"
"HC0681",10000,"HC"
"HC0682",10000,"HC"
"HC0683",10000,"HC"
"HC0684",10000,"HC"
"HC0685",10000,"HC"
"HC0686",10000,"HC"
"HC0687",10000,"HC"
"HC0688",10000,"HC"
"HC0689",10000,"HC"
"HC0690",10000,"HC"
"HC0691",10000,"HC"
"HC0692",10000,"HC"
"HC0693",10000,"HC"
"HC0694",10000,"HC"
"HC0695",10000,"HC"
"HC0696",10000,"HC"
"HC0697",10000,"HC"
"HC0698",10000,"HC"
"HC0699",10000,"HC"
"HC0700",10000,"HC"
"HC0701",10000,"HC"
"HC0702",10000,"HC"
"HC0703",10000,"HC"
"HC0704",10000,"HC"
"HC0705",10000,"HC"
"HC0706",10000,"HC"
"HC0707",10000,"HC"
"HC0708",10000,"HC"
"HC0709",10000,"HC"
"HC0710",10000,"HC"
"HC0711",10000,"HC"
"HC0712",10000,"HC"
"HC0713",10000,"HC"
"HC0715",10000,"HC"
"HC0716",10000,"HC"
"HC0717",10000,"HC"
"HC0718",10000,"HC"
"HC0719",10000,"HC"
"HC0720",10000,"HC"
"HC0721",10000,"HC"
"HC0722",10000,"HC"
"HC0723",10000,"HC"
"HC0724",10000,"HC"
"HC0725",10000,"HC"
"HC0727",10000,"HC"
"HC0728",10000,"HC"
"HC0729",10000,"HC"
"HC0730",10000,"HC"
"HC0731",10000,"HC"
"HC0732",10000,"HC"
"HC0733",10000,"HC"
"HC0734",10000,"HC"
"HC0735",10000,"HC"
"HC0736",10000,"HC"
"HC0737",10000,"HC"
"HC0738",10000,"HC"
"HC0739",10000,"HC"
"HC0740",10000,"HC"
"HC0742",10000,"HC"
"HC0743",10000,"HC"
"HC0744",10000,"HC"
"HC0745",10000,"HC"
"HC0746",10000,"HC"
"HC0747",10000,"HC"
"HC0748",10000,"HC"
"HC0749",10000,"HC"
"HC0751",10000,"HC"
"HC0752",10000,"HC"
"HC0753",10000,"HC"
"HC0754",10000,"HC"
"HC0755",10000,"HC"
"HC0756",10000,"HC"
"HC0757",10000,"HC"
"HC0758",10000,"HC"
"HC0759",10000,"HC"
"HC0760",10000,"HC"
"HC0761",10000,"HC"
"HC0762",10000,"HC"
"HC0764",10000,"HC"
"HC0765",10000,"HC"
"HC0766",10000,"HC"
"HC0767",10000,"HC"
"HC0768",10000,"HC"
"HC0769",10000,"HC"
"HC0770",10000,"HC"
"HC0771",10000,"HC"
"HC0772",10000,"HC"
"HC0773",10000,"HC"
"HC0774",10000,"HC"
"HC0775",10000,"HC"
"HC0776",10000,"HC"
"HC0777",10000,"HC"
"HC0778",10000,"HC"
"HC0779",10000,"HC"
"HC0780",10000,"HC"
"HC0781",10000,"HC"
"HC0782",10000,"HC"
"HC0783",10000,"HC"
"HC0784",10000,"HC"
"HC0786",10000,"HC"
"HC0787",10000,"HC"
"HC0788",10000,"HC"
"HC0789",10000,"HC"
"HC0790",10000,"HC"
"HC0792",10000,"HC"
"HC0793",10000,"HC"
"HC0794",10000,"HC"
"HC0795",10000,"HC"
"HC0797",10000,"HC"
"HC0798",10000,"HC"
"HC0799",10000,"HC"
"HC0800",10000,"HC"
"HC0801",10000,"HC"
"HC0802",10000,"HC"
"HC0803",10000,"HC"
"HC0804",10000,"HC"
"HC0805",10000,"HC"
"HC0807",10000,"HC"
"HC0808",10000,"HC"
"HC0809",10000,"HC"
"HC0810",10000,"HC"
"HC0811",10000,"HC"
"HC0812",10000,"HC"
"HC0813",10000,"HC"
"HC0814",10000,"HC"
"HC0816",10000,"HC"
"HC0817",10000,"HC"
"HC0818",10000,"HC"
"HC0819",10000,"HC"
"HC0820",10000,"HC"
"HC0821",10000,"HC"
"HC0822",10000,"HC"
"HC0823",10000,"HC"
"HC0824",10000,"HC"
"HC0825",10000,"HC"
"HC0826",10000,"HC"
"HC0827",10000,"HC"
"HC0828",10000,"HC"
"HC0829",10000,"HC"
"HC0830",10000,"HC"
"HC0831",10000,"HC"
"HC0832",10000,"HC"
"HC0833",10000,"HC"
"HC0834",10000,"HC"
"HC0835",10000,"HC"
"HC0836",10000,"HC"
"HC0837",10000,"HC"
"HC0838",10000,"HC"
"HC0839",10000,"HC"
"HC0840",10000,"HC"
"HC0841",10000,"HC"
"HC0842",10000,"HC"
"HC0843",10000,"HC"
"HC0844",10000,"HC"
"HC0845",10000,"HC"
"HC0846",10000,"HC"
"HC0847",10000,"HC"
"HC0848",10000,"HC"
"HC0849",10000,"HC"
"HC0850",10000,"HC"
"HC0851",10000,"HC"
"HC0852",10000,"HC"
"HC0853",10000,"HC"
"HC0854",10000,"HC"
"HC0855",10000,"HC"
"HC0856",10000,"HC"
"HC0857",10000,"HC"
"HC0858",10000,"HC"
"HC0859",10000,"HC"
"HC0860",10000,"HC"
"HC0861",10000,"HC"
"HC0862",10000,"HC"
"HC0863",10000,"HC"
"HC0864",10000,"HC"
"HC0865",10000,"HC"
"HC0868",10000,"HC"
"HC0869",10000,"HC"
"HC0870",10000,"HC"
"HC0871",10000,"HC"
"HC0872",10000,"HC"
"HC0873",10000,"HC"
"HC0874",10000,"HC"
"HC0875",10000,"HC"
"HC0876",10000,"HC"
"HC0877",10000,"HC"
"HC0878",10000,"HC"
"HC0879",10000,"HC"
"HC0880",10000,"HC"
"HC0881",10000,"HC"
"HC0882",10000,"HC"
"HC0883",10000,"HC"
"HC0884",10000,"HC"
"HC0885",10000,"HC"
"HC0886",10000,"HC"
"HC0887",10000,"HC"
"HC0888",10000,"HC"
"HC0889",10000,"HC"
"HC0890",10000,"HC"
"HC0891",10000,"HC"
"HC0892",10000,"HC"
"HC0893",10000,"HC"
"HC0894",10000,"HC"
"HC0895",10000,"HC"
"HC0896",10000,"HC"
"HC0897",10000,"HC"
"HC0898",10000,"HC"
"HC0899",10000,"HC"
"HC0900",10000,"HC"
"HC0901",10000,"HC"
"HC0902",10000,"HC"
"HC0904",10000,"HC"
"HC0905",10000,"HC"
"HC0906",10000,"HC"
"HC0907",10000,"HC"
"HC0908",10000,"HC"
"HC0909",10000,"HC"
"HC0910",10000,"HC"
"HC0911",10000,"HC"
"HC0912",10000,"HC"
"HC0913",10000,"HC"
"HC0914",10000,"HC"
"HC0915",10000,"HC"
"HC0916",10000,"HC"
"HC0917",10000,"HC"
"HC0918",10000,"HC"
"HC0919",10000,"HC"
"HC0920",10000,"HC"
"HC0921",10000,"HC"
"HC0922",10000,"HC"
"HC0923",10000,"HC"
"HC0924",10000,"HC"
"HC0925",10000,"HC"
"HC0926",10000,"HC"
"HC0928",10000,"HC"
"HC0929",10000,"HC"
"HC0930",10000,"HC"
"HC0931",10000,"HC"
"HC0932",10000,"HC"
"HC0933",10000,"HC"
"HC0934",10000,"HC"
"HC0935",10000,"HC"
"HC0936",10000,"HC"
"HC0937",10000,"HC"
"HC0938",10000,"HC"
"HC0939",10000,"HC"
"HC0940",10000,"HC"
"HC0941",10000,"HC"
"HC0942",10000,"HC"
"HC0943",10000,"HC"
"HC0944",10000,"HC"
"HC0945",10000,"HC"
"HC0946",10000,"HC"
"HC0947",10000,"HC"
"HC0948",10000,"HC"
"HC0949",10000,"HC"
"HC0950",10000,"HC"
"HC0951",10000,"HC"
"HC0952",10000,"HC"
"HC0953",10000,"HC"
"HC0954",10000,"HC"
"HC0956",10000,"HC"
"HC0957",10000,"HC"
"HC0958",10000,"HC"
"HC0959",10000,"HC"
"HC0960",10000,"HC"
"HC0961",10000,"HC"
"HC0962",10000,"HC"
"HC0963",10000,"HC"
"HC0964",10000,"HC"
"HC0965",10000,"HC"
"HC0966",10000,"HC"
"HC0967",10000,"HC"
"HC0969",10000,"HC"
"HC0970",10000,"HC"
"HC0971",10000,"HC"
"HC0972",10000,"HC"
"HC0973",10000,"HC"
"HC0974",10000,"HC"
"HC0975",10000,"HC"
"HC0976",10000,"HC"
"HC0978",10000,"HC"
"HC0981",10000,"HC"
"HC0982",10000,"HC"
"HC0983",10000,"HC"
"HC0984",10000,"HC"
"HC0985",10000,"HC"
"HC0986",10000,"HC"
"HC0987",10000,"HC"
"HC0988",10000,"HC"
"HC0989",10000,"HC"
"HC0990",10000,"HC"
"HC0991",10000,"HC"
"HC0993",10000,"HC"
"HC0995",10000,"HC"
"HC0996",10000,"HC"
"HC0997",10000,"HC"
"HC0998",10000,"HC"
"HC0999",10000,"HC"
"HC100",10000,"HC"
"HC1000",10000,"HC"
"HC1001",10000,"HC"
"HC1002",10000,"HC"
"HC1003",10000,"HC"
"HC1004",10000,"HC"
"HC1005",10000,"HC"
"HC1006",10000,"HC"
"HC1007",10000,"HC"
"HC1008",10000,"HC"
"HC1009",10000,"HC"
"HC1010",10000,"HC"
"HC1011",10000,"HC"
"HC1012",10000,"HC"
"HC1013",10000,"HC"
"HC1015",10000,"HC"
"HC1016",10000,"HC"
"HC1017",10000,"HC"
"HC1018",10000,"HC"
"HC1019",10000,"HC"
"HC1020",10000,"HC"
"HC1021",10000,"HC"
"HC1022",10000,"HC"
"HC1024",10000,"HC"
"HC1025",10000,"HC"
"HC1027",10000,"HC"
"HC1028",10000,"HC"
"HC1029",10000,"HC"
"HC1030",10000,"HC"
"HC1031",10000,"HC"
"HC1032",10000,"HC"
"HC1033",10000,"HC"
"HC1034",10000,"HC"
"HC1035",10000,"HC"
"HC1036",10000,"HC"
"HC1037",10000,"HC"
"HC1038",10000,"HC"
"HC1039",10000,"HC"
"HC1040",10000,"HC"
"HC1041",10000,"HC"
"HC1042",10000,"HC"
"HC1043",10000,"HC"
"HC1044",10000,"HC"
"HC1045",10000,"HC"
"HC1046",10000,"HC"
"HC1047",10000,"HC"
"HC1048",10000,"HC"
"HC1049",10000,"HC"
"HC1050",10000,"HC"
"HC1051",10000,"HC"
"HC1052",10000,"HC"
"HC1053",10000,"HC"
"HC1054",10000,"HC"
"HC1055",10000,"HC"
"HC1056",10000,"HC"
"HC1057",10000,"HC"
"HC1058",10000,"HC"
"HC1059",10000,"HC"
"HC1060",10000,"HC"
"HC1061",10000,"HC"
"HC1062",10000,"HC"
"HC1063",10000,"HC"
"HC1064",10000,"HC"
"HC1065",10000,"HC"
"HC1066",10000,"HC"
"HC1067",10000,"HC"
"HC1068",10000,"HC"
"HC1069",10000,"HC"
"HC1070",10000,"HC"
"HC1071",10000,"HC"
"HC1072",10000,"HC"
"HC1073",10000,"HC"
"HC1074",10000,"HC"
"HC1075",10000,"HC"
"HC1076",10000,"HC"
"HC1077",10000,"HC"
"HC1078",10000,"HC"
"HC1079",10000,"HC"
"HC1080",10000,"HC"
"HC1081",10000,"HC"
"HC1082",10000,"HC"
"HC1083",10000,"HC"
"HC1084",10000,"HC"
"HC1085",10000,"HC"
"HC1086",10000,"HC"
"HC1087",10000,"HC"
"HC1088",10000,"HC"
"HC1089",10000,"HC"
"HC1090",10000,"HC"
"HC1093",10000,"HC"
"HC1094",10000,"HC"
"HC1095",10000,"HC"
"HC1096",10000,"HC"
"HC1097",10000,"HC"
"HC1099",10000,"HC"
"HC1100",10000,"HC"
"HC1101",10000,"HC"
"HC1103",10000,"HC"
"HC1104",10000,"HC"
"HC1105",10000,"HC"
"HC1106",10000,"HC"
"HC1107",10000,"HC"
"HC1108",10000,"HC"
"HC1109",10000,"HC"
"HC1110",10000,"HC"
"HC1112",10000,"HC"
"HC1113",10000,"HC"
"HC1114",10000,"HC"
"HC1115",10000,"HC"
"HC1116",10000,"HC"
"HC1117",10000,"HC"
"HC1118",10000,"HC"
"HC1119",10000,"HC"
"HC1120",10000,"HC"
"HC1121",10000,"HC"
"HC1122",10000,"HC"
"HC1123",10000,"HC"
"HC1124",10000,"HC"
"HC1125",10000,"HC"
"HC1126",10000,"HC"
"HC1127",10000,"HC"
"HC1128",10000,"HC"
"HC1129",10000,"HC"
"HC1130",10000,"HC"
"HC1131",10000,"HC"
"HC1132",10000,"HC"
"HC1133",10000,"HC"
"HC1134",10000,"HC"
"HC1135",10000,"HC"
"HC1136",10000,"HC"
"HC1137",10000,"HC"
"HC1138",10000,"HC"
"HC1139",10000,"HC"
"HC1140",10000,"HC"
"HC1141",10000,"HC"
"HC1142",10000,"HC"
"HC1144",10000,"HC"
"HC1145",10000,"HC"
"HC1146",10000,"HC"
"HC1147",10000,"HC"
"HC1148",10000,"HC"
"HC1149",10000,"HC"
"HC1150",10000,"HC"
"HC1151",10000,"HC"
"HC1152",10000,"HC"
"HC1153",10000,"HC"
"HC1154",10000,"HC"
"HC1155",10000,"HC"
"HC1156",10000,"HC"
"HC1157",10000,"HC"
"HC1159",10000,"HC"
"HC1160",10000,"HC"
"HC1161",10000,"HC"
"HC1162",10000,"HC"
"HC1163",10000,"HC"
"HC1164",10000,"HC"
"HC1165",10000,"HC"
"HC1166",10000,"HC"
"HC1167",10000,"HC"
"HC1168",10000,"HC"
"HC1169",10000,"HC"
"HC1170",10000,"HC"
"HC1171",10000,"HC"
"HC1172",10000,"HC"
"HC1173",10000,"HC"
"HC1174",10000,"HC"
"HC1175",10000,"HC"
"HC1176",10000,"HC"
"HC1177",10000,"HC"
"HC1178",10000,"HC"
"HC1179",10000,"HC"
"HC1180",10000,"HC"
"HC1182",10000,"HC"
"HC1183",10000,"HC"
"HC1185",10000,"HC"
"HC1186",10000,"HC"
"HC1187",10000,"HC"
"HC1188",10000,"HC"
"HC1189",10000,"HC"
"HC1190",10000,"HC"
"HC1191",10000,"HC"
"HC1193",10000,"HC"
"HC1194",10000,"HC"
"HC1195",10000,"HC"
"HC1196",10000,"HC"
"HC1197",10000,"HC"
"HC1198",10000,"HC"
"HC1199",10000,"HC"
"HC1200",10000,"HC"
"HC1201",10000,"HC"
"HC1202",10000,"HC"
"HC1203",10000,"HC"
"HC1204",10000,"HC"
"HC1205",10000,"HC"
"HC1206",10000,"HC"
"HC1207",10000,"HC"
"HC1209",10000,"HC"
"HC1210",10000,"HC"
"HC1211",10000,"HC"
"HC1212",10000,"HC"
"HC1213",10000,"HC"
"HC1214",10000,"HC"
"HC1215",10000,"HC"
"HC1216",10000,"HC"
"HC1217",10000,"HC"
"HC1218",10000,"HC"
"HC1219",10000,"HC"
"HC1220",10000,"HC"
"HC1221",10000,"HC"
"HC1224",10000,"HC"
"HC1225",10000,"HC"
"HC1226",10000,"HC"
"HC1227",10000,"HC"
"HC1228",10000,"HC"
"HC1229",10000,"HC"
"HC1230",10000,"HC"
"HC1231",10000,"HC"
"HC1232",10000,"HC"
"HC1233",10000,"HC"
"HC1234",10000,"HC"
"HC1235",10000,"HC"
"HC1236",10000,"HC"
"HC1237",10000,"HC"
"HC1238",10000,"HC"
"HC1239",10000,"HC"
"HC1240",10000,"HC"
"HC1241",10000,"HC"
"HC1242",10000,"HC"
"HC1243",10000,"HC"
"HC1244",10000,"HC"
"HC1245",10000,"HC"
"HC1246",10000,"HC"
"HC1247",10000,"HC"
"HC1249",10000,"HC"
"HC1250",10000,"HC"
"HC1251",10000,"HC"
"HC1252",10000,"HC"
"HC1253",10000,"HC"
"HC1254",10000,"HC"
"HC1255",10000,"HC"
"HC1256",10000,"HC"
"HC1257",10000,"HC"
"HC1258",10000,"HC"
"HC1259",10000,"HC"
"HC1260",10000,"HC"
"HC1261",10000,"HC"
"HC1262",10000,"HC"
"HC1263",10000,"HC"
"HC1264",10000,"HC"
"HC1265",10000,"HC"
"HC1266",10000,"HC"
"HC1267",10000,"HC"
"HC1268",10000,"HC"
"HC1269",10000,"HC"
"HC1270",10000,"HC"
"HC1271",10000,"HC"
"HC1272",10000,"HC"
"HC1273",10000,"HC"
"HC1274",10000,"HC"
"HC1275",10000,"HC"
"HC1276",10000,"HC"
"HC1277",10000,"HC"
"HC1278",10000,"HC"
"HC1279",10000,"HC"
"HC1280",10000,"HC"
"HC1281",10000,"HC"
"HC1282",10000,"HC"
"HC1283",10000,"HC"
"HC1284",10000,"HC"
"HC1285",10000,"HC"
"HC1286",10000,"HC"
"HC1287",10000,"HC"
"HC1288",10000,"HC"
"HC1289",10000,"HC"
"HC1290",10000,"HC"
"HC1291",10000,"HC"
"HC1292",10000,"HC"
"HC1293",10000,"HC"
"HC1294",10000,"HC"
"HC1295",10000,"HC"
"HC1296",10000,"HC"
"HC1297",10000,"HC"
"HC1298",10000,"HC"
"HC1299",10000,"HC"
"HC1300",10000,"HC"
"HC1301",10000,"HC"
"HC1302",10000,"HC"
"HC1303",10000,"HC"
"HC1304",10000,"HC"
"HC1306",10000,"HC"
"HC1307",10000,"HC"
"HC1308",10000,"HC"
"HC1309",10000,"HC"
"HC1310",10000,"HC"
"HC1311",10000,"HC"
"HC1312",10000,"HC"
"HC1313",10000,"HC"
"HC1314",10000,"HC"
"HC1315",10000,"HC"
"HC1316",10000,"HC"
"HC1317",10000,"HC"
"HC1318",10000,"HC"
"HC1319",10000,"HC"
"HC1320",10000,"HC"
"HC1322",10000,"HC"
"HC1324",10000,"HC"
"HC1325",10000,"HC"
"HC1326",10000,"HC"
"HC1327",10000,"HC"
"HC1328",10000,"HC"
"HC1329",10000,"HC"
"HC1330",10000,"HC"
"HC1331",10000,"HC"
"HC1332",10000,"HC"
"HC1333",10000,"HC"
"HC1334",10000,"HC"
"HC1335",10000,"HC"
"HC1336",10000,"HC"
"HC1337",10000,"HC"
"HC1338",10000,"HC"
"HC1339",10000,"HC"
"HC1340",10000,"HC"
"HC1341",10000,"HC"
"HC1342",10000,"HC"
"HC1343",10000,"HC"
"HC1344",10000,"HC"
"HC1345",10000,"HC"
"HC1346",10000,"HC"
"HC1347",10000,"HC"
"HC1348",10000,"HC"
"HC1349",10000,"HC"
"HC1350",10000,"HC"
"HC1351",10000,"HC"
"HC1352",10000,"HC"
"HC1353",10000,"HC"
"HC1354",10000,"HC"
"HC1355",10000,"HC"
"HC1356",10000,"HC"
"HC1357",10000,"HC"
"HC1358",10000,"HC"
"HC1359",10000,"HC"
"HC1360",10000,"HC"
"HC1361",10000,"HC"
"HC1362",10000,"HC"
"HC1363",10000,"HC"
"HC1364",10000,"HC"
"HC1365",10000,"HC"
"HC1366",10000,"HC"
"HC1367",10000,"HC"
"HC1368",10000,"HC"
"HC1369",10000,"HC"
"HC1370",10000,"HC"
"HC1371",10000,"HC"
"HC1372",10000,"HC"
"HC1373",10000,"HC"
"HC1374",10000,"HC"
"HC1375",10000,"HC"
"HC1376",10000,"HC"
"HC1377",10000,"HC"
"HC1378",10000,"HC"
"HC1379",10000,"HC"
"HC1380",10000,"HC"
"HC1381",10000,"HC"
"HC1382",10000,"HC"
"HC1383",10000,"HC"
"HC1384",10000,"HC"
"HC1385",10000,"HC"
"HC1386",10000,"HC"
"HC1387",10000,"HC"
"HC1388",10000,"HC"
"HC1389",10000,"HC"
"HC1390",10000,"HC"
"HC1391",10000,"HC"
"HC1392",10000,"HC"
"HC1393",10000,"HC"
"HC1394",10000,"HC"
"HC1395",10000,"HC"
"HC1396",10000,"HC"
"HC1397",10000,"HC"
"HC1398",10000,"HC"
"HC1399",10000,"HC"
"HC1400",10000,"HC"
"HC1401",10000,"HC"
"HC1402",10000,"HC"
"HC1403",10000,"HC"
"HC1404",10000,"HC"
"HC1405",10000,"HC"
"HC1406",10000,"HC"
"HC1407",10000,"HC"
"HC1408",10000,"HC"
"HC1409",10000,"HC"
"HC1410",10000,"HC"
"HC1412",10000,"HC"
"HC1413",10000,"HC"
"HC1414",10000,"HC"
"HC1415",10000,"HC"
"HC1416",10000,"HC"
"HC1417",10000,"HC"
"HC1418",10000,"HC"
"HC1419",10000,"HC"
"HC1420",10000,"HC"
"HC1421",10000,"HC"
"HC1422",10000,"HC"
"HC1423",10000,"HC"
"HC1424",10000,"HC"
"HC1425",10000,"HC"
"HC1426",10000,"HC"
"HC1427",10000,"HC"
"HC1428",10000,"HC"
"HC1429",10000,"HC"
"HC1430",10000,"HC"
"HC1431",10000,"HC"
"HC1432",10000,"HC"
"HC1433",10000,"HC"
"HC1434",10000,"HC"
"HC1435",10000,"HC"
"HC1436",10000,"HC"
"HC1437",10000,"HC"
"HC1438",10000,"HC"
"HC1439",10000,"HC"
"HC1440",10000,"HC"
"HC1441",10000,"HC"
"HC1442",10000,"HC"
"HC1443",10000,"HC"
"HC1444",10000,"HC"
"HC1445",10000,"HC"
"HC1446",10000,"HC"
"HC1447",10000,"HC"
"HC1448",10000,"HC"
"HC1449",10000,"HC"
"HC1450",10000,"HC"
"HC1451",10000,"HC"
"HC1452",10000,"HC"
"HC1453",10000,"HC"
"HC1454",10000,"HC"
"HC1455",10000,"HC"
"HC1456",10000,"HC"
"HC1457",10000,"HC"
"HC1458",10000,"HC"
"HC1459",10000,"HC"
"HC1460",10000,"HC"
"HC1461",10000,"HC"
"HC1462",10000,"HC"
"HC1463",10000,"HC"
"HC1464",10000,"HC"
"HC1465",10000,"HC"
"HC1466",10000,"HC"
"HC1467",10000,"HC"
"HC1468",10000,"HC"
"HC1469",10000,"HC"
"HC1470",10000,"HC"
"HC1471",10000,"HC"
"HC1472",10000,"HC"
"HC1473",10000,"HC"
"HC1474",10000,"HC"
"HC1475",10000,"HC"
"HC1476",10000,"HC"
"HC1477",10000,"HC"
"HC1478",10000,"HC"
"HC1479",10000,"HC"
"HC1480",10000,"HC"
"HC1481",10000,"HC"
"HC1482",10000,"HC"
"HC1483",10000,"HC"
"HC1484",10000,"HC"
"HC1485",10000,"HC"
"HC1486",10000,"HC"
"HC1487",10000,"HC"
"HC1488",10000,"HC"
"HC1489",10000,"HC"
"HC1490",10000,"HC"
"HC1491",10000,"HC"
"HC1492",10000,"HC"
"HC1493",10000,"HC"
"HC1494",10000,"HC"
"HC1495",10000,"HC"
"HC1496",10000,"HC"
"HC1497",10000,"HC"
"HC1498",10000,"HC"
"HC1499",10000,"HC"
"HC1500",10000,"HC"
"HC1501",10000,"HC"
"HC1502",10000,"HC"
"HC1503",10000,"HC"
"HC1504",10000,"HC"
"HC1505",10000,"HC"
"HC1506",10000,"HC"
"HC1507",10000,"HC"
"HC1508",10000,"HC"
"HC1509",10000,"HC"
"HC1510",10000,"HC"
"HC1511",10000,"HC"
"HC1512",10000,"HC"
"HC1513",10000,"HC"
"HC1514",10000,"HC"
"HC1515",10000,"HC"
"HC1516",10000,"HC"
"HC1517",10000,"HC"
"HC1518",10000,"HC"
"HC1519",10000,"HC"
"HC1520",10000,"HC"
"HC1521",10000,"HC"
"HC1522",10000,"HC"
"HC1523",10000,"HC"
"HC1524",10000,"HC"
"HC1525",10000,"HC"
"HC1526",10000,"HC"
"HC1527",10000,"HC"
"HC1528",10000,"HC"
"HC1529",10000,"HC"
"HC1530",10000,"HC"
"HC1531",10000,"HC"
"HC1532",10000,"HC"
"HC1533",10000,"HC"
"HC1534",10000,"HC"
"HC1535",10000,"HC"
"HC1536",10000,"HC"
"HC1537",10000,"HC"
"HC1538",10000,"HC"
"HC1539",10000,"HC"
"HC1540",10000,"HC"
"HC1541",10000,"HC"
"HC1542",10000,"HC"
"HC1543",10000,"HC"
"HC1544",10000,"HC"
"HC1545",10000,"HC"
"HC1546",10000,"HC"
"HC1547",10000,"HC"
"HC1548",10000,"HC"
"HC1549",10000,"HC"
"HC1550",10000,"HC"
"HC1551",10000,"HC"
"HC1552",10000,"HC"
"HC1553",10000,"HC"
"HC1554",10000,"HC"
"HC1555",10000,"HC"
"HC1556",10000,"HC"
"HC1557",10000,"HC"
"HC1558",10000,"HC"
"HC1559",10000,"HC"
"HC1560",10000,"HC"
"HC1561",10000,"HC"
"HC1562",10000,"HC"
"HC1563",10000,"HC"
"HC1564",10000,"HC"
"HC1565",10000,"HC"
"HC1701",10000,"HC"
"HC1702",10000,"HC"
"HC1703",10000,"HC"
"HC1704",10000,"HC"
"HC1705",10000,"HC"
"HC1706",10000,"HC"
"HC1708",10000,"HC"
"HC1709",10000,"HC"
"HC1711",10000,"HC"
"HC1713",10000,"HC"
"HC1714",10000,"HC"
"HC1715",10000,"HC"
"HC1716",10000,"HC"
"HC1718",10000,"HC"
"HC1719",10000,"HC"
"HC1720",10000,"HC"
"HC1721",10000,"HC"
"HC1800",10000,"HC"
"HC1801",10000,"HC"
"HC1808",10000,"HC"
"HC1809",10000,"HC"
"HC1820",10000,"HC"
"HC1821",10000,"HC"
"HC1888",10000,"HC"
"HC2001",10000,"HC"
"HC2004",10000,"HC"
"HC2005",10000,"HC"
"HC2006",10000,"HC"
"HC2008",10000,"HC"
"HC2009",10000,"HC"
"HC2010",10000,"HC"
"HC2012",10000,"HC"
"HC2013",10000,"HC"
"HC2014",10000,"HC"
"HC2015",10000,"HC"
"HC2016",10000,"HC"
"HC2017",10000,"HC"
"HC2018",10000,"HC"
"HC2019",10000,"HC"
"HC2020",10000,"HC"
"HC2021",10000,"HC"
"HC2023",10000,"HC"
"HC2024",10000,"HC"
"HC2026",10000,"HC"
"HC2027",10000,"HC"
"HC2029",10000,"HC"
"HC2030",10000,"HC"
"HC2033",10000,"HC"
"HC2034",10000,"HC"
"HC2038",10000,"HC"
"HC2042",10000,"HC"
"HC2045",10000,"HC"
"HC2046",10000,"HC"
"HC2047",10000,"HC"
"HC2049",10000,"HC"
"HC2054",10000,"HC"
"HC2055",10000,"HC"
"HC2056",10000,"HC"
"HC2057",10000,"HC"
"HC2058",10000,"HC"
"HC2059",10000,"HC"
"HC2061",10000,"HC"
"HC2062",10000,"HC"
"HC2064",10000,"HC"
"HC2066",10000,"HC"
"HC2067",10000,"HC"
"HC2069",10000,"HC"
"HC2070",10000,"HC"
"HC2072",10000,"HC"
"HC2076",10000,"HC"
"HC4001",10000,"HC"
"HC4002",10000,"HC"
"HC4003",10000,"HC"
"HC4004",10000,"HC"
"HC4005",10000,"HC"
"HC4006",10000,"HC"
"HC4007",10000,"HC"
"HC4008",10000,"HC"
"HC4009",10000,"HC"
"HC4010",10000,"HC"
"HC4033",10000,"HC"
"HC4041",10000,"HC"
"HC4048",10000,"HC"
"HC4501",10000,"HC"
"HC4504",10000,"HC"
"HC4505",10000,"HC"
"HC4506",10000,"HC"
"HC4507",10000,"HC"
"HC4508",10000,"HC"
"HC4509",10000,"HC"
"HC4510",10000,"HC"
"HC4511",10000,"HC"
"HC4512",10000,"HC"
"HC4513",10000,"HC"
"HC4515",10000,"HC"
"HC4517",10000,"HC"
"HC4519",10000,"HC"
"HC4520",10000,"HC"
"HC4521",10000,"HC"
"HC4522",10000,"HC"
"HC4523",10000,"HC"
"HC4525",10000,"HC"
"HC4535",10000,"HC"
"HC4536",10000,"HC"
"HC4537",10000,"HC"
"HC4538",10000,"HC"
"HC4539",10000,"HC"
"HC4543",10000,"HC"
"HC4547",10000,"HC"
"HC4550",10000,"HC"
"HC5001",10000,"HC"
"HC5002",10000,"HC"
"HC5003",10000,"HC"
"HC5004",10000,"HC"
"HC5005",10000,"HC"
"HC5006",10000,"HC"
"HC5007",10000,"HC"
"HC5008",10000,"HC"
"HC5009",10000,"HC"
"RA0001",10000,"RA"
"RA0002",10000,"RA"
"RA0003",10000,"RA"
"RA0007",10000,"RA"
"RA0009",10000,"RA"
"RA0010",10000,"RA"
"RA0011",10000,"RA"
"RA0012",10000,"RA"
"RA0013",10000,"RA"
"RA0014",10000,"RA"
"RA0016",10000,"RA"
"RA0017",10000,"RA"
"RA0018",10000,"RA"
"RA0020",10000,"RA"
"RA0021",10000,"RA"
"RA0022",10000,"RA"
"RA0024",10000,"RA"
"RA0026",10000,"RA"
"RA0027",10000,"RA"
"RA0028",10000,"RA"
"RA0029",10000,"RA"
"RA0031",10000,"RA"
"RA0032",10000,"RA"
"RA0033",10000,"RA"
"RA0035",10000,"RA"
"RA0036",10000,"RA"
"RA0037",10000,"RA"
"RA0038",10000,"RA"
"RA0040",10000,"RA"
"RA0041",10000,"RA"
"RA0044",10000,"RA"
"RA0045",10000,"RA"
"RA0046",10000,"RA"
"RA0047",10000,"RA"
"RA0048",10000,"RA"
"RA0049",10000,"RA"
"RA0050",10000,"RA"
"RA0051",10000,"RA"
"RA0053",10000,"RA"
"RA0054",10000,"RA"
"RA0055",10000,"RA"
"RA0056",10000,"RA"
"RA0057",10000,"RA"
"RA0058",10000,"RA"
"RA0059",10000,"RA"
"RA0060",10000,"RA"
"RA0061",10000,"RA"
"RA0062",10000,"RA"
"RA0063",10000,"RA"
"RA0064",10000,"RA"
"RA0065",10000,"RA"
"RA0066",10000,"RA"
"RA0067",10000,"RA"
"RA0069",10000,"RA"
"RA0070",10000,"RA"
"RA0071",10000,"RA"
"RA0075",10000,"RA"
"RA0076",10000,"RA"
"RA0079",10000,"RA"
"RA0080",10000,"RA"
"RA0082",10000,"RA"
"RA0083",10000,"RA"
"RA0085",10000,"RA"
"RA0086",10000,"RA"
"RA0087",10000,"RA"
"RA0090",10000,"RA"
"RA0093",10000,"RA"
"RA0097",10000,"RA"
"RA0098",10000,"RA"
"RA0099",10000,"RA"
"RA0100",10000,"RA"
"RA0101",10000,"RA"
"RA0102",10000,"RA"
"RA0103",10000,"RA"
"RA0104",10000,"RA"
"RA0105",10000,"RA"
"RA0106",10000,"RA"
"RA0107",10000,"RA"
"RA0108",10000,"RA"
"RA0109",10000,"RA"
"RA0111",10000,"RA"
"RA0112",10000,"RA"
"RA0114",10000,"RA"
"RA0115",10000,"RA"
"RA0116",10000,"RA"
"RA0117",10000,"RA"
"RA0120",10000,"RA"
"RA0123",10000,"RA"
"RA0125",10000,"RA"
"RA0126",10000,"RA"
"RA0127",10000,"RA"
"RA0130",10000,"RA"
"RA0131",10000,"RA"
"RA0133",10000,"RA"
"RA0135",10000,"RA"
"RA0137",10000,"RA"
"RA0141",10000,"RA"
"RA0142",10000,"RA"
"RA0143",10000,"RA"
"RA0144",10000,"RA"
"RA0145",10000,"RA"
"RA0146",10000,"RA"
"RA0148",10000,"RA"
"RA0149",10000,"RA"
"RA0151",10000,"RA"
"RA0153",10000,"RA"
"RA0154",10000,"RA"
"RA0155",10000,"RA"
"RA0156",10000,"RA"
"RA0157",10000,"RA"
"RA0158",10000,"RA"
"RA0159",10000,"RA"
"RA0160",10000,"RA"
"RA0162",10000,"RA"
"RA0163",10000,"RA"
"RA0164",10000,"RA"
"RA0166",10000,"RA"
"RA0167",10000,"RA"
"RA0169",10000,"RA"
"RA0171",10000,"RA"
"RA0172",10000,"RA"
"RA0173",10000,"RA"
"RA0174",10000,"RA"
"RA0175",10000,"RA"
"RA0178",10000,"RA"
"RA0179",10000,"RA"
"RA0180",10000,"RA"
"RA0181",10000,"RA"
"RA0182",10000,"RA"
"RA0183",10000,"RA"
"RA0184",10000,"RA"
"RA0185",10000,"RA"
"RA0186",10000,"RA"
"RA0187",10000,"RA"
"RA0188",10000,"RA"
"RA0190",10000,"RA"
"RA0193",10000,"RA"
"RA0194",10000,"RA"
"RA0196",10000,"RA"
"RA0197",10000,"RA"
"RA0202",10000,"RA"
"RA0203",10000,"RA"
"RA0206",10000,"RA"
"RA0208",10000,"RA"
"RA0209",10000,"RA"
"RA0210",10000,"RA"
"RA0212",10000,"RA"
"RA0213",10000,"RA"
"RA0214",10000,"RA"
"RA0216",10000,"RA"
"RA0217",10000,"RA"
"RA0220",10000,"RA"
"RA0221",10000,"RA"
"RA0228",10000,"RA"
"RA0229",10000,"RA"
"RA0231",10000,"RA"
"RA0232",10000,"RA"
"RA0233",10000,"RA"
"RA0236",10000,"RA"
"RA0237",10000,"RA"
"RA0238",10000,"RA"
"RA0239",10000,"RA"
"RA0240",10000,"RA"
"RA0241",10000,"RA"
"RA0243",10000,"RA"
"RA0245",10000,"RA"
"RA0246",10000,"RA"
"RA0247",10000,"RA"
"RA0248",10000,"RA"
"RA0249",10000,"RA"
"RA0250",10000,"RA"
"RA0252",10000,"RA"
"RA0253",10000,"RA"
"RA0257",10000,"RA"
"RA0259",10000,"RA"
"RA0260",10000,"RA"
"RA0261",10000,"RA"
"RA0262",10000,"RA"
"RA0263",10000,"RA"
"RA0264",10000,"RA"
"RA0265",10000,"RA"
"RA0266",10000,"RA"
"RA0267",10000,"RA"
"RA0270",10000,"RA"
"RA0271",10000,"RA"
"RA0273",10000,"RA"
"RA0275",10000,"RA"
"RA0278",10000,"RA"
"RA0280",10000,"RA"
"RA0281",10000,"RA"
"RA0282",10000,"RA"
"RA0283",10000,"RA"
"RA0284",10000,"RA"
"RA0289",10000,"RA"
"RA0290",10000,"RA"
"RA0291",10000,"RA"
"RA0294",10000,"RA"
"RA0297",10000,"RA"
"RA0300",10000,"RA"
"RA0302",10000,"RA"
"RA0304",10000,"RA"
"RA0306",10000,"RA"
"RA0307",10000,"RA"
"RA0308",10000,"RA"
"RA0309",10000,"RA"
"RA0310",10000,"RA"
"RA0311",10000,"RA"
"RA0312",10000,"RA"
"RA0313",10000,"RA"
"RA0314",10000,"RA"
"RA0316",10000,"RA"
"RA0317",10000,"RA"
"RA0318",10000,"RA"
"RA0319",10000,"RA"
"RA0322",10000,"RA"
"RA0325",10000,"RA"
"RA0326",10000,"RA"
"RA0327",10000,"RA"
"RA0328",10000,"RA"
"RA0329",10000,"RA"
"RA0330",10000,"RA"
"RA0331",10000,"RA"
"RA0332",10000,"RA"
"RA0333",10000,"RA"
"RA0335",10000,"RA"
"RA0338",10000,"RA"
"RA0339",10000,"RA"
"RA0340",10000,"RA"
"RA0343",10000,"RA"
"RA0344",10000,"RA"
"RA0345",10000,"RA"
"RA0346",10000,"RA"
"RA0348",10000,"RA"
"RA0349",10000,"RA"
"RA0350",10000,"RA"
"RA0353",10000,"RA"
"RA0354",10000,"RA"
"RA0355",10000,"RA"
"RA0357",10000,"RA"
"RA0358",10000,"RA"
"RA0359",10000,"RA"
"RA0360",10000,"RA"
"RA0361",10000,"RA"
"RA0362",10000,"RA"
"RA0364",10000,"RA"
"RA0365",10000,"RA"
"RA0367",10000,"RA"
"RA0368",10000,"RA"
"RA0370",10000,"RA"
"RA0371",10000,"RA"
"RA0372",10000,"RA"
"RA0373",10000,"RA"
"RA0374",10000,"RA"
"RA0376",10000,"RA"
"RA0377",10000,"RA"
"RA0378",10000,"RA"
"RA0379",10000,"RA"
"RA0380",10000,"RA"
"RA0381",10000,"RA"
"RA0382",10000,"RA"
"RA0383",10000,"RA"
"RA0384",10000,"RA"
"RA0385",10000,"RA"
"RA0386",10000,"RA"
"RA0387",10000,"RA"
"RA0388",10000,"RA"
"RA0390",10000,"RA"
"RA0391",10000,"RA"
"RA0394",10000,"RA"
"RA0404",10000,"RA"
"RA0407",10000,"RA"
"RA0408",10000,"RA"
"RA0413",10000,"RA"
"RA0417",10000,"RA"
"RA0420",10000,"RA"
"RA0424",10000,"RA"
"RA0425",10000,"RA"
"RA0426",10000,"RA"
"RA0427",10000,"RA"
"RA0428",10000,"RA"
"RA0439",10000,"RA"
"RA0444",10000,"RA"
"RA0447",10000,"RA"
"RA0449",10000,"RA"
"RA0450",10000,"RA"
"RA0453",10000,"RA"
"RA0454",10000,"RA"
"RA0457",10000,"RA"
"RA0467",10000,"RA"
"RA0469",10000,"RA"
"RA0475",10000,"RA"
"RA0480",10000,"RA"
"RA0481",10000,"RA"
"RA0483",10000,"RA"
"RA0485",10000,"RA"
"RA0487",10000,"RA"
"RA0493",10000,"RA"
"RA0501",10000,"RA"
"RA0505",10000,"RA"
"RA0507",10000,"RA"
"RA0515",10000,"RA"
"RA0519",10000,"RA"
"RA0520",10000,"RA"
"RA0522",10000,"RA"
"RA0523",10000,"RA"
"RA0531",10000,"RA"
"RA0532",10000,"RA"
"RA0534",10000,"RA"
"RA0536",10000,"RA"
"RA0537",10000,"RA"
"RA0538",10000,"RA"
"RA0540",10000,"RA"
"RA0541",10000,"RA"
"RA0542",10000,"RA"
"RA0545",10000,"RA"
"RA0546",10000,"RA"
"RA0547",10000,"RA"
"RA0548",10000,"RA"
"RA0549",10000,"RA"
"RA0550",10000,"RA"
"RA0551",10000,"RA"
"RA0553",10000,"RA"
"RA0555",10000,"RA"
"RA0556",10000,"RA"
"RA0559",10000,"RA"
"RA0561",10000,"RA"
"RA0563",10000,"RA"
"RA0567",10000,"RA"
"RA0568",10000,"RA"
"RA0571",10000,"RA"
"RA0572",10000,"RA"
"RA0573",10000,"RA"
"RA0575",10000,"RA"
"RA0576",10000,"RA"
"RA0577",10000,"RA"
"RA0580",10000,"RA"
"RA0581",10000,"RA"
"RA0582",10000,"RA"
"RA0583",10000,"RA"
"RA0585",10000,"RA"
"RA0586",10000,"RA"
"RA0587",10000,"RA"
"RA0589",10000,"RA"
"RA0590",10000,"RA"
"RA0591",10000,"RA"
"RA0592",10000,"RA"
"RA0594",10000,"RA"
"RA0596",10000,"RA"
"RA0597",10000,"RA"
"RA0598",10000,"RA"
"RA0600",10000,"RA"
"RA0601",10000,"RA"
"RA0602",10000,"RA"
"RA0606",10000,"RA"
"RA0607",10000,"RA"
"RA0608",10000,"RA"
"RA0610",10000,"RA"
"RA0611",10000,"RA"
"RA0613",10000,"RA"
"RA0614",10000,"RA"
"RA0615",10000,"RA"
"RA0618",10000,"RA"
"RA0619",10000,"RA"
"RA0620",10000,"RA"
"RA0622",10000,"RA"
"RA0627",10000,"RA"
"RA0630",10000,"RA"
"RA0631",10000,"RA"
"RA0634",10000,"RA"
"RA0635",10000,"RA"
"RA0638",10000,"RA"
"RA0639",10000,"RA"
"RA0640",10000,"RA"
"RA0642",10000,"RA"
"RA0644",10000,"RA"
"RA0645",10000,"RA"
"RA0646",10000,"RA"
"RA0647",10000,"RA"
"RA0648",10000,"RA"
"RA0649",10000,"RA"
"RA0652",10000,"RA"
"RA0653",10000,"RA"
"RA0654",10000,"RA"
"RA0656",10000,"RA"
"RA0657",10000,"RA"
"RA0658",10000,"RA"
"RA0660",10000,"RA"
"RA0661",10000,"RA"
"RA0662",10000,"RA"
"RA0663",10000,"RA"
"RA0664",10000,"RA"
"RA0666",10000,"RA"
"RA0670",10000,"RA"
"RA0672",10000,"RA"
"RA0673",10000,"RA"
"RA0677",10000,"RA"
"RA0679",10000,"RA"
"RA0682",10000,"RA"
"RA0683",10000,"RA"
"RA0684",10000,"RA"
"RA0686",10000,"RA"
"RA0687",10000,"RA"
"RA0689",10000,"RA"
"RA0690",10000,"RA"
"RA0693",10000,"RA"
"RA0694",10000,"RA"
"RA0696",10000,"RA"
"RA0698",10000,"RA"
"RA0700",10000,"RA"
"RA0702",10000,"RA"
"RA0703",10000,"RA"
"RA0708",10000,"RA"
"RA0716",10000,"RA"
"RA0720",10000,"RA"
"RA0723",10000,"RA"
"RA0724",10000,"RA"
"RA0735",10000,"RA"
"RA0738",10000,"RA"
"RA0739",10000,"RA"
"RA0742",10000,"RA"
"RA0751",10000,"RA"
"RA0752",10000,"RA"
"RA0753",10000,"RA"
"RA0756",10000,"RA"
"RA0757",10000,"RA"
"RA0758",10000,"RA"
"RA0759",10000,"RA"
"RA0760",10000,"RA"
"RA0761",10000,"RA"
"RA0762",10000,"RA"
"RA0764",10000,"RA"
"RA0765",10000,"RA"
"RA0766",10000,"RA"
"RA0768",10000,"RA"
"RA0772",10000,"RA"
"RA0773",10000,"RA"
"RA0775",10000,"RA"
"RA0776",10000,"RA"
"RA0777",10000,"RA"
"RA0781",10000,"RA"
"RA0782",10000,"RA"
"RA0784",10000,"RA"
"RA0785",10000,"RA"
"RA0786",10000,"RA"
"RA0788",10000,"RA"
"RA0791",10000,"RA"
"RA0792",10000,"RA"
"RA0794",10000,"RA"
"RA0795",10000,"RA"
"RA0798",10000,"RA"
"RA0799",10000,"RA"
"RA0805",10000,"RA"
"RA0806",10000,"RA"
"RA0807",10000,"RA"
"RA0808",10000,"RA"
"RA0811",10000,"RA"
"RA0816",10000,"RA"
"RA0818",10000,"RA"
"RA0819",10000,"RA"
"RA0820",10000,"RA"
"RA0822",10000,"RA"
"RA0823",10000,"RA"
"RA0824",10000,"RA"
"RA0825",10000,"RA"
"RA0826",10000,"RA"
"RA0827",10000,"RA"
"RA0828",10000,"RA"
"RA0832",10000,"RA"
"RA0833",10000,"RA"
"RA0834",10000,"RA"
"RA0836",10000,"RA"
"RA0839",10000,"RA"
"RA0841",10000,"RA"
"RA0843",10000,"RA"
"RA0846",10000,"RA"
"RA0847",10000,"RA"
"RA0849",10000,"RA"
"RA0852",10000,"RA"
"RA0853",10000,"RA"
"RA0856",10000,"RA"
"RA0858",10000,"RA"
"RA0859",10000,"RA"
"RA0860",10000,"RA"
"RA0861",10000,"RA"
"RA0862",10000,"RA"
"RA0863",10000,"RA"
"RA0864",10000,"RA"
"RA0865",10000,"RA"
"RA0869",10000,"RA"
"RA0871",10000,"RA"
"RA0873",10000,"RA"
"RA0874",10000,"RA"
"RA0875",10000,"RA"
"RA0878",10000,"RA"
"RA0879",10000,"RA"
"RA0880",10000,"RA"
"RA0881",10000,"RA"
"RA0882",10000,"RA"
"RA0883",10000,"RA"
"RA0885",10000,"RA"
"RA0886",10000,"RA"
"RA0887",10000,"RA"
"RA0889",10000,"RA"
"RA0890",10000,"RA"
"RA0891",10000,"RA"
"RA0892",10000,"RA"
"RA0894",10000,"RA"
"RA0895",10000,"RA"
"RA0898",10000,"RA"
"RA0899",10000,"RA"
"RA0900",10000,"RA"
"RA0901",10000,"RA"
"RA0903",10000,"RA"
"RA0904",10000,"RA"
"RA0907",10000,"RA"
"RA0908",10000,"RA"
"RA0909",10000,"RA"
"RA0914",10000,"RA"
"RA0915",10000,"RA"
"RA0919",10000,"RA"
"RA0927",10000,"RA"
"RA0928",10000,"RA"
"RA0930",10000,"RA"
"RA0932",10000,"RA"
"RA0933",10000,"RA"
"RA0934",10000,"RA"
"RA0939",10000,"RA"
"RA0940",10000,"RA"
"RA0943",10000,"RA"
"RA0944",10000,"RA"
"RA0945",10000,"RA"
"RA0947",10000,"RA"
"RA0949",10000,"RA"
"RA0952",10000,"RA"
"RA0953",10000,"RA"
"RA0957",10000,"RA"
"RA0958",10000,"RA"
"RA0960",10000,"RA"
"RA1007",10000,"RA"
"RA1008",10000,"RA"
"RA1009",10000,"RA"
"RA1019",10000,"RA"
"RA1020",10000,"RA"
"RA1023",10000,"RA"
"RA1024",10000,"RA"
"RA1031",10000,"RA"
"RA1035",10000,"RA"
"RA1036",10000,"RA"
"RA1038",10000,"RA"
"RA1039",10000,"RA"
"RA1040",10000,"RA"
"RA1042",10000,"RA"
"RA1044",10000,"RA"
"RA1045",10000,"RA"
"RA1046",10000,"RA"
"RA1047",10000,"RA"
"RA1048",10000,"RA"
"RA1051",10000,"RA"
"RA1054",10000,"RA"
"RA1055",10000,"RA"
"RA1056",10000,"RA"
"RA1057",10000,"RA"
"RA1058",10000,"RA"
"RA1061",10000,"RA"
"RA1085",10000,"RA"
"RA1087",10000,"RA"
"RA1088",10000,"RA"
"RA1089",10000,"RA"
"RA1090",10000,"RA"
"RA1091",10000,"RA"
"RA1092",10000,"RA"
"RA1093",10000,"RA"
"RA1096",10000,"RA"
"RA1098",10000,"RA"
"RA1099",10000,"RA"
"RA1112",10000,"RA"
"RA1113",10000,"RA"
"RA1114",10000,"RA"
"RA1115",10000,"RA"
"RA1116",10000,"RA"
"RA1117",10000,"RA"
"RA1118",10000,"RA"
"RA1119",10000,"RA"
"RA1120",10000,"RA"
"RA1121",10000,"RA"
"RA1122",10000,"RA"
"RA1123",10000,"RA"
"RA1124",10000,"RA"
"RA1125",10000,"RA"
"RA1126",10000,"RA"
"RA1127",10000,"RA"
"RA1128",10000,"RA"
"RA1129",10000,"RA"
"RA1130",10000,"RA"
"RA1131",10000,"RA"
"RA1132",10000,"RA"
"RA1133",10000,"RA"
"RA1134",10000,"RA"
"RA1135",10000,"RA"
"RA1136",10000,"RA"
"RA1137",10000,"RA"
"RA1138",10000,"RA"
"RA1139",10000,"RA"
"RA1140",10000,"RA"
"RA1141",10000,"RA"
"RA1142",10000,"RA"
"RA1143",10000,"RA"
"RA1144",10000,"RA"
"RA1145",10000,"RA"
"RA1147",10000,"RA"
"RA1148",10000,"RA"
"RA1150",10000,"RA"
"RA1151",10000,"RA"
"RA1152",10000,"RA"
"RA1153",10000,"RA"
"RA1154",10000,"RA"
"RA1155",10000,"RA"
"RA1156",10000,"RA"
"RA1157",10000,"RA"
"RA1158",10000,"RA"
"RA1159",10000,"RA"
"RA1160",10000,"RA"
"RA1161",10000,"RA"
"RA1162",10000,"RA"
"RA1163",10000,"RA"
"RA1164",10000,"RA"
"RA1166",10000,"RA"
"RA1167",10000,"RA"
"RA1168",10000,"RA"
"RA1169",10000,"RA"
"RA1170",10000,"RA"
"RA1171",10000,"RA"
"RA1172",10000,"RA"
"RA1173",10000,"RA"
"RA1174",10000,"RA"
"RA1175",10000,"RA"
"RA1176",10000,"RA"
"RA1177",10000,"RA"
"RA1178",10000,"RA"
"RA1179",10000,"RA"
"RA1181",10000,"RA"
"RA1182",10000,"RA"
"RA1183",10000,"RA"
"RA1200",10000,"RA"
"RA1217",10000,"RA"
"RA1218",10000,"RA"
"RA1219",10000,"RA"
"RA1220",10000,"RA"
"RA1221",10000,"RA"
"RA1222",10000,"RA"
"RA1223",10000,"RA"
"RA1240",10000,"RA"
"RA1242",10000,"RA"
"RA1500",10000,"RA"
"RA1501",10000,"RA"
"RA1502",10000,"RA"
"RA1503",10000,"RA"
"RA1601",10000,"RA"
"RA1602",10000,"RA"
"RA1603",10000,"RA"
"RA1604",10000,"RA"
"RA1605",10000,"RA"
"RA1606",10000,"RA"
"RA1607",10000,"RA"
"RA1608",10000,"RA"
"RA1609",10000,"RA"
"RA1611",10000,"RA"
"RA1612",10000,"RA"
"RA1613",10000,"RA"
"RA1614",10000,"RA"
"RA1615",10000,"RA"
"RA1616",10000,"RA"
"RA1617",10000,"RA"
"RA1618",10000,"RA"
"RA1619",10000,"RA"
"RA1620",10000,"RA"
"RA1621",10000,"RA"
"RA1622",10000,"RA"
"RA1623",10000,"RA"
"RA1624",10000,"RA"
"RA1625",10000,"RA"
"RA1626",10000,"RA"
"RA1627",10000,"RA"
"RA1628",10000,"RA"
"RA1629",10000,"RA"
"RA1630",10000,"RA"
"RA1631",10000,"RA"
"RA1632",10000,"RA"
"RA1633",10000,"RA"
"RA1634",10000,"RA"
"RA1635",10000,"RA"
"RA1636",10000,"RA"
"RA1637",10000,"RA"
"RA1639",10000,"RA"
"RA1640",10000,"RA"
"RA1643",10000,"RA"
"RA1644",10000,"RA"
"RA1646",10000,"RA"
"RA1647",10000,"RA"
"RA1648",10000,"RA"
"RA1649",10000,"RA"
"RA1651",10000,"RA"
"RA1652",10000,"RA"
"RA1653",10000,"RA"
"RA1654",10000,"RA"
"RA1656",10000,"RA"
"RA1657",10000,"RA"
"RA1658",10000,"RA"
"RA1659",10000,"RA"
"RA1660",10000,"RA"
"RA1661",10000,"RA"
"RA1662",10000,"RA"
"RA1666",10000,"RA"
"RA1667",10000,"RA"
"RA1668",10000,"RA"
"RA1669",10000,"RA"
"RA1670",10000,"RA"
"RA1672",10000,"RA"
"RA1673",10000,"RA"
"RA1674",10000,"RA"
"RA1675",10000,"RA"
"RA1676",10000,"RA"
"RA1677",10000,"RA"
"RA1678",10000,"RA"
"RA1679",10000,"RA"
"RA1680",10000,"RA"
"RA1681",10000,"RA"
"RA1682",10000,"RA"
"RA2001",10000,"RA"
"RA2002",10000,"RA"
"RA2003",10000,"RA"
"RA2004",10000,"RA"
"RA2008",10000,"RA"
"RA2013",10000,"RA"
"RA2017",10000,"RA"
"RA2018",10000,"RA"
"RA2019",10000,"RA"
"RA2020",10000,"RA"
"RA2021",10000,"RA"
"RA2023",10000,"RA"
"RA2024",10000,"RA"
"RA2025",10000,"RA"
"RA2026",10000,"RA"
"RA2027",10000,"RA"
"RA2032",10000,"RA"
"RA2033",10000,"RA"
"RA2041",10000,"RA"
"RA2042",10000,"RA"
"RA2045",10000,"RA"
"RA2046",10000,"RA"
"RA2047",10000,"RA"
"RA2048",10000,"RA"
"RA2049",10000,"RA"
"RA2052",10000,"RA"
"RA2053",10000,"RA"
"RA2054",10000,"RA"
"RA2057",10000,"RA"
"RA2061",10000,"RA"
"RA2062",10000,"RA"
"RA2064",10000,"RA"
"RA2066",10000,"RA"
"RA2067",10000,"RA"
"RA2070",10000,"RA"
"RA2072",10000,"RA"
"RA2074",10000,"RA"
"RA2076",10000,"RA"
"RA2077",10000,"RA"
"RA2079",10000,"RA"
"RA2080",10000,"RA"
"RA2081",10000,"RA"
"RA2082",10000,"RA"
"RA2083",10000,"RA"
"RA2084",10000,"RA"
"RA2085",10000,"RA"
"RA2086",10000,"RA"
"RA2089",10000,"RA"
"RA2090",10000,"RA"
"RA2091",10000,"RA"
"RA2092",10000,"RA"
"RA2093",10000,"RA"
"RA2095",10000,"RA"
"RA2096",10000,"RA"
"RA2099",10000,"RA"
"RA2101",10000,"RA"
"RA2102",10000,"RA"
"RA2104",10000,"RA"
"RA2106",10000,"RA"
"RA2107",10000,"RA"
"RA2108",10000,"RA"
"RA2109",10000,"RA"
"RA2110",10000,"RA"
"RA2114",10000,"RA"
"RA2116",10000,"RA"
"RA2119",10000,"RA"
"RA2123",10000,"RA"
"RA2125",10000,"RA"
"RA2127",10000,"RA"
"RA2128",10000,"RA"
"RA2132",10000,"RA"
"RA2133",10000,"RA"
"RA2136",10000,"RA"
"RA2139",10000,"RA"
"RA2141",10000,"RA"
"RA2143",10000,"RA"
"RA2148",10000,"RA"
"RA2154",10000,"RA"
"RA2158",10000,"RA"
"RA2161",10000,"RA"
"RA2164",10000,"RA"
"RA2165",10000,"RA"
"RA2166",10000,"RA"
"RA3001",10000,"RA"
"RA3005",10000,"RA"
"RA3013",10000,"RA"
"RA3014",10000,"RA"
"RA3018",10000,"RA"
"RA3019",10000,"RA"
"RA3021",10000,"RA"
"RA3022",10000,"RA"
"RA3023",10000,"RA"
"RA3025",10000,"RA"
"RA3026",10000,"RA"
"RA3030",10000,"RA"
"RA3035",10000,"RA"
"RA3036",10000,"RA"
"RA3041",10000,"RA"
"RA3043",10000,"RA"
"RA3044",10000,"RA"
"RA3045",10000,"RA"
"RA3046",10000,"RA"
"RA3048",10000,"RA"
"RA3049",10000,"RA"
"RA3055",10000,"RA"
"RA3056",10000,"RA"
"RA3061",10000,"RA"
"RA3062",10000,"RA"
"RA3065",10000,"RA"
"RA3067",10000,"RA"
"RA3068",10000,"RA"
"RA3070",10000,"RA"
"RA3071",10000,"RA"
"RA3072",10000,"RA"
"RA3074",10000,"RA"
"RA3075",10000,"RA"
"RA3076",10000,"RA"
"RA3081",10000,"RA"
"RA3089",10000,"RA"
"RA3091",10000,"RA"
"RA3096",10000,"RA"
"RA3097",10000,"RA"
"RA3099",10000,"RA"
"RA3102",10000,"RA"
"RA3106",10000,"RA"
"RA3108",10000,"RA"
"RA3115",10000,"RA"
"RA3118",10000,"RA"
"RA3122",10000,"RA"
"RA3125",10000,"RA"
"RA3126",10000,"RA"
"RA3130",10000,"RA"
"RA3132",10000,"RA"
"RA3135",10000,"RA"
"RA3138",10000,"RA"
"RA3139",10000,"RA"
"RA3140",10000,"RA"
"RA3142",10000,"RA"
"RA3145",10000,"RA"
"RA3146",10000,"RA"
"RA3150",10000,"RA"
"RA3151",10000,"RA"
"RA3154",10000,"RA"
"RA3155",10000,"RA"
"RA3161",10000,"RA"
"RA3162",10000,"RA"
"RA3163",10000,"RA"
"RA3164",10000,"RA"
"RA3167",10000,"RA"
"RA3169",10000,"RA"
"RA3171",10000,"RA"
"RA3175",10000,"RA"
"RA3184",10000,"RA"
"RA3185",10000,"RA"
"RA3188",10000,"RA"
"RA3190",10000,"RA"
"RA3191",10000,"RA"
"RA3194",10000,"RA"
"RA3200",10000,"RA"
"RA3202",10000,"RA"
"RA3204",10000,"RA"
"RA3212",10000,"RA"
"RA3219",10000,"RA"
"RA3222",10000,"RA"
"RA3228",10000,"RA"
"RA3232",10000,"RA"
"RA3233",10000,"RA"
"RA3236",10000,"RA"
"RA3240",10000,"RA"
"RA3242",10000,"RA"
"RA3243",10000,"RA"
"RA3245",10000,"RA"
"RA3249",10000,"RA"
"RA3250",10000,"RA"
"RA40000",10000,"RA"
"RA40011",10000,"RA"
"RA40012",10000,"RA"
"RA40013",10000,"RA"
"RA40014",10000,"RA"
"RA40015",10000,"RA"
"RA40016",10000,"RA"
"RA40017",10000,"RA"
"RA40018",10000,"RA"
"RA40019",10000,"RA"
"RA40020",10000,"RA"
"RA40021",10000,"RA"
"RA40022",10000,"RA"
"RA40023",10000,"RA"
"RA40024",10000,"RA"
"RA40025",10000,"RA"
"RA40026",10000,"RA"
"RA40027",10000,"RA"
"RA40028",10000,"RA"
"RA40029",10000,"RA"
"RA40030",10000,"RA"
"RA40031",10000,"RA"
"RA40032",10000,"RA"
"RA40033",10000,"RA"
"RA40034",10000,"RA"
"RA40035",10000,"RA"
"RA40036",10000,"RA"
"RA40037",10000,"RA"
"RA40038",10000,"RA"
"RA40039",10000,"RA"
"RA40040",10000,"RA"
"RA40047",10000,"RA"
"RA40048",10000,"RA"
"RA40049",10000,"RA"
"RA40050",10000,"RA"
"RA40051",10000,"RA"
"RA40052",10000,"RA"
"RA40053",10000,"RA"
"RA40054",10000,"RA"
"RA40055",10000,"RA"
"RA40056",10000,"RA"
"RA40057",10000,"RA"
"RA40058",10000,"RA"
"RA40059",10000,"RA"
"RA40060",10000,"RA"
"RA40061",10000,"RA"
"RA40062",10000,"RA"
"RA40063",10000,"RA"
"RA40064",10000,"RA"
"RA40065",10000,"RA"
"RA40066",10000,"RA"
"RA40067",10000,"RA"
"RA40070",10000,"RA"
"RA40071",10000,"RA"
"RA40072",10000,"RA"
"RA40073",10000,"RA"
"RA40074",10000,"RA"
"RA40075",10000,"RA"
"RA40076",10000,"RA"
"RA40077",10000,"RA"
"RA40078",10000,"RA"
"RA40079",10000,"RA"
"RA40080",10000,"RA"
"RA40081",10000,"RA"
"RA40082",10000,"RA"
"RA6001",10000,"RA"
"RA6002",10000,"RA"
"RA6003",10000,"RA"
"RA6004",10000,"RA"
"RA6005",10000,"RA"
"RA6006",10000,"RA"
"RA6007",10000,"RA"
"RA6008",10000,"RA"
"RA6009",10000,"RA"
"RA6010",10000,"RA"
"RA6012",10000,"RA"
"RA6013",10000,"RA"
"RA6014",10000,"RA"
"RA6015",10000,"RA"
"RA6016",10000,"RA"
"RA6017",10000,"RA"
"RA6018",10000,"RA"
"RA6019",10000,"RA"
"RA6020",10000,"RA"
"RA6021",10000,"RA"
"RA6022",10000,"RA"
"RA6024",10000,"RA"
"RA6025",10000,"RA"
"RA6026",10000,"RA"
"RA6027",10000,"RA"
"RA6028",10000,"RA"
"RA6030",10000,"RA"
"RA6031",10000,"RA"
"RA6032",10000,"RA"
"RA6033",10000,"RA"
"RA6034",10000,"RA"
"RA6035",10000,"RA"
"RA6036",10000,"RA"
"RA6037",10000,"RA"
"RA6038",10000,"RA"
"RA6039",10000,"RA"
"RA6040",10000,"RA"
"RA6041",10000,"RA"
"RA6042",10000,"RA"
"RA6043",10000,"RA"
"RA6044",10000,"RA"
"RA6045",10000,"RA"
"RA6046",10000,"RA"
"RA6047",10000,"RA"
"RA6048",10000,"RA"
"RA6049",10000,"RA"
"RA6050",10000,"RA"
"RA7001",10000,"RA"
"RA7002",10000,"RA"
"RA7003",10000,"RA"
"RA7004",10000,"RA"
"RA7005",10000,"RA"
"RA7006",10000,"RA"
"RA7007",10000,"RA"
"RA7008",10000,"RA"
"RA7009",10000,"RA"
"RA7010",10000,"RA"
"RA7011",10000,"RA"
"RA7012",10000,"RA"
"RA7013",10000,"RA"
"RA7014",10000,"RA"
"RA7015",10000,"RA"
"RA7016",10000,"RA"
"RA7017",10000,"RA"
"RA7018",10000,"RA"
"RA7019",10000,"RA"
"RA7020",10000,"RA"
